Character,Alternate Names,Role,Faction,Friends,enimies
Ugrasravas the Suta,,Teller of Ancient Tales,Human,"Lomaharsana the Suta,Brahmin seers",
Brahmin seers,,,Human,,
Lomaharsana the Suta,,A Suta,Human,,
Saunaka,,Chief of Brahmin seers,Human,Brahmin seers,
Janamejaya,,Royal Seer,Human,"Ugrasravas the Suta,Janamejaya's brothers,Somasravas,Sarama,Uttanka",
Janamejaya's brothers,,,Human,,
Sarama,,Divine bitch,God,,
Somasravas,,Household Priest,Human,,
Uttanka,,,Human,"King Pausya,Taksaka",
King Pausya,,,Human,King Pausya's Wife,
King Pausya's Wife,,,Human,,
Taksaka,,King of the Serpents,Animal,,King Pariksit
Puloman,,,Demon,"Puloma,Agni",
Puloma,,Wife of Bhgru,Human,"Bhgru,Cyavana",
Bhgru,,,Human,"Agni,Cyavana",
Cyavana,,Baby of Puloma,Human,Pramati,
Agni,,Yh actual fire,God,"Arjuna,Krsna,Indra",
Pramati,,Son of Cyovana,Human,"Cyavana,Ruru",
Ruru,,Son of Pramati,Human,"Pramadvara,Lizard Ruru",
Pramadvara,,Fiance of Ruru,Apsaras,,
Lizard Ruru,,Cursed man,Human,,
Kasyapa,,,Human,"Kadru,Vinata,Kadru's snake children",
Kadru,,Kasyapa's wife,Human,"Vinata,Kadru's snake children",
Vinata,,Kadru's sister,Human,Aruna,
Kadru's snake children,,,Animal,Vasuki,
Aruna,,Vinatas son,God,,
Gods,,,God,,
Demons,,,Demon,,
Visnu,Narayana,,God,"Gods,Vasuki,Demons",Rahu
Vasuki,,Serpent King,God,"Gods,Demons",
Rahu,,Demon,Demon,,
Garuda,,Vinatas other son,God,"Vinata,Kadru's snake children,Kasyapa,Visnu",Gods
Indra,,God of Rain,God,"Kadru,Brhaspati,Gods,Garuda,Visnu",
Brhaspati,,A Sage,Human,Kaca,
Sesa,,Snake,Animal,"Kadru's snake children,Kadru,Brahma",
Brahma,,God of Creation,God,Vasuki,
Elapatra,,Snake,Animal,"Vasuki,Kadru's snake children,Taksaka",
Astika,,,Human,"Jaratkaru(male),Jaratkaru(female),Janamejaya",
Jaratkaru(male),,Father of Astika,Human,Jaratkaru(female),
Jaratkaru(female),,Mother of Astika,Human,Vasuki,
King Pariksit,,,Human,Samika (A Sage),
Samika (A Sage),,A Sage,Human,"Srngin,Kasyapa",
Srngin,,Son of Samika,Human,,
Vapustama,,Janamejaya's wife,Human,Janamejaya,
Jaratkaru's Ancestors,,,Human,Jaratkaru(male),
Vyasa,Krsna,Compiler of the Vedas,God,"Janamejaya,Vaisampayana,Kunti,Yudhistra,Bhima,Arjuna,Nakula,Sahadeva",
Vaisampayana,,Student of Vyasa,Human,Janamejaya,
Satyavati,,Mother of Vyasa,Human,"Vyasa,Vasu Uparicara,Parasara,Citrangada,Vicitravirya",
Vasu Uparicara,,Lord of Cedi,Human,"Indra,Brhadratha,Pratyagraha,Kusamba,Macchila,Ksatriya Yadu",
Brhadratha,,Son of Vasu,Human,"Pratyagraha,Kusamba,Macchila,Ksatriya Yadu",
Pratyagraha,,Son of Vasu,Human,"Kusamba,Macchila,Ksatriya Yadu",
Kusamba,Manivahana,Son of Vasu,Human,"Macchila,Ksatriya Yadu",
Macchila,,Son of Vasu,Human,Ksatriya Yadu,
Ksatriya Yadu,,Son of Vasu,Human,,
Girika,,Vasu's Wife,Human,"Vasu Uparicara,Brhadratha,Pratyagraha,Kusamba,Macchila,Ksatriya Yadu",
Adrika,,Fish Lady,Apsaras,"Matsya,Satyavati,Vasu Uparicara",
Matsya,,Son of Adrika,Human,"Satyavati,Vasu Uparicara",
Parasara,,Father of Vyasa,Human,"Vyasa,Vasistha",
Jamadagni,,Father of Rama,Human,Rama,
Rama,,,Human,Drona,
Lady Earth,,Planet Earth,God,Brahma,
Drona,,Warrior,God,"Bharadvaja,Vidura",
Bharadvaja,,Father of Drona,Human,,
Ganga,,Godess of the Ganges,God,"Bhisma,Samtanu",
Bhisma,Devavrata,,Human,"Samtanu,Vasistha,Gods,Sukra,Brhaspati,Satyavati,Citrangada,Vicitravirya,Vyasa,Pandu,Dhrtarastra,Vidura,Drona",
Samtanu,,Father of Bhisma,Human,"Sarvadamana,Pratipa,Satyavati,Citrangada,Vicitravirya",
Dhrtarastra,,Son of Vyasa,Human,"Vyasa,Ambika",
Vidura,,Son of Vyasa,Human,"Arti,Vyasa,Pandu,Dhrtarastra",
Arti,,A Seer,Human,,
Duhsanta,,A King,Human,"Sakuntala,Sarvadamana",
Sakuntala,,,Human,"Kanva,Sarvadamana",
Kanva,,Adopted Sakuntla,Human,Sarvadamana,
Visvamitra,,Father of Sakuntla,Human,"Menaka,Vasistha",
Menaka,,Mother of Sakuntla,Apsaras,Indra,
Sarvadamana,Sarvadamana,Son of Sakuntla,Human,,
Daksayani,,Mother of Vivasvat,God,"Kasyapa,Vivasvat",
Vivasvat,,Father of Yama,Human,Yama,
Yama,,Father of Martanda,God,Martanda,
Martanda,,Father of Manu,Human,Manu,
Manu,,Father of Ila,Human,Ila,
Ila,,Father of Pururavas,Human,Pururavas,
Pururavas,,Father of Ayus,Human,"Urvasi,Ayus",
Urvasi,,Mother of Ayus,Apsaras,Ayus,
Ayus,,Father of Nahusa,Human,Nahusa,
Nahusa,,Father of Yayati,Human,Yayati,
Yayati,,,Human,"Devayani,Sarmistha,Yadu,Turvasu,Puru,Druhyu,Anu,Indra",
Devayani,,Sukra's daughter,Human,,
Sarmistha,,Wife of Yayati,Human,"Puru,Druhyu,Anu",
Adrika(Wife of Yayati),,Wife of Yayati,Human,"Yadu,Turvasu",
Yadu,,Son of Yayati,Human,"Turvasu,Puru,Druhyu,Anu",
Turvasu,,Son of Yayati,Human,"Puru,Druhyu,Anu",
Puru,,Son of Yayati,Human,"Druhyu,Anu",
Druhyu,,Son of Yayati,Human,Anu,
Anu,,Son of Yayati,Human,,
Sukra,,Demon priest,Demon,"Devayani,Kaca,Yayati",
Kaca,,Brhaspati's Son,God,Devayani,Demons
Vrsaparvan,,King of Demons,Demon,"Sarmistha,Sukra",
Sarmistha(Woman),,Daughter of Vrsaparvan,Demon,Devayani,
Astaka,,A Seer,Human,Yayati,
Samvarana,,Kuru King,Human,Sarvadamana,
Vasistha,,A Seer,Human,Samvarana,
Kuru,,Samvarana's Son,Human,"Samvarana,Pratipa",
Pratipa,,Karu's Son,Human,Samtanu,
Citrangada,,Son of Samtanu,Human,Vicitravirya,
Vicitravirya,,Son of Samtanu,Human,,
Vasu Uparicara (King),,King of Saubha,Human,"Bhisma,Ambha",
Ambha,,Wife of Saubha,Human,Bhisma,
Ambika,,Wife of Vicitravirya,Human,"Bhisma,Vicitravirya,Ambalika,Vyasa,Satyavati",
Ambalika,,Wife of Vicitravirya,Human,"Bhisma,Vicitravirya,Vyasa,Satyavati",
Pandu,,Son of Vyasa,Human,"Ambalika,Dhrtarastra,Indra",
Gandhari,,Wife of Dhrtarastra,Human,"Dhrtarastra,Sakuni,Vyasa",
Sakuni,,Brother of Gandhari,Human,"Dhrtarastra,Bhisma",
Kunti,Prtha,Wife of Pandu,Human,"Surya,Karna,Pandu,Gandhari,Indra,Dhrtarastra,Vidura",
Surya,,Sun God,God,Karna,
Karna,,Son of Surya,Human,"Indra,Drona,Krpa,Bhisma",
Adhiratha,,Foster father of Karna,Human,"Karna,Radha",
Radha,,Wife of Adhiratha,Human,Karna,
Madri,,Wife of Pandu,Human,"Pandu,Bhisma,Kunti,Gandhari,Dhrtarastra",
Duryodhana,,Dhrtarastra son,Human,"Dhrtarastra,Gandhari,Karna,Drona,Krpa,Bhisma,Vidura",
Yuyutsu,,Dhrtarastra's illegitimate son,Human,"Dhrtarastra,Duryodhana,Drona,Karna,Krpa,Bhisma,Vidura",
Duhsala,,Dhrtarastra daughter,Human,"Dhrtarastra,Gandhari,Duryodhana,Jayadratha,Yuyutsu,Karna,Bhisma,Vidura",
Jayadratha,,Husban of Duhsala,Human,,
Dharma,,God of Dharma,God,Kunti,
Yudhistra,,Son of Kunti,Human,"Kunti,Pandu,Sahadeva,Nakula,Madri,Duryodhana,Yuyutsu,Dhrtarastra,Duhsala,Drona,Karna,Krpa,Bhisma,Vidura,Purocana,Vyasa",
Vayu,,God of Wind,God,Kunti,
Bhima,,Son of Kunti,Human,"Kunti,Pandu,Yudhistra,Sahadeva,Nakula,Madri,Duryodhana,Yuyutsu,Dhrtarastra,Duhsala,Drona,Karna,Krpa,Bhisma,Vidura,Purocana,Vyasa",
Arjuna,,Son of Kunti,Human,"Kunti,Pandu,Yudhistra,Bhima,Sahadeva,Nakula,Madri,Duryodhana,Yuyutsu,Dhrtarastra,Duhsala,Drona,Karna,Krpa,Bhisma,Purocana,Vyasa,Indra",
The Asvins,,Divine Gods,God,Madri,
Nakula,,Son of Madri,Human,"Madri,Sahadeva,Pandu,Kunti,Duryodhana,Yuyutsu,Dhrtarastra,Duhsala,Drona,Karna,Krpa,Bhisma,Vidura,Purocana,Vyasa",
Sahadeva,,Son of Madri,Human,"Madri,Pandu,Kunti,Duryodhana,Yuyutsu,Dhrtarastra,Duhsala,Drona,Karna,Krpa,Bhisma,Vidura,Purocana,Vyasa",
Saradvat,,,Human,Jalapadi,
Jalapadi,,An Apsares,Apsaras,,
Krpa,,Son of saradvat,Human,"Samtanu,Krpi,Saradvat,Drona,Bhisma,Vidura",
Krpi,,Daughter of saradvat,Human,"Samtanu,Saradvat,Drona",
Ghrtaci,,Mother of Drona,Apsaras,"Bharadvaja,Drona",
Prsata,,A King,Human,Drupada,
Drupada,,Son of Prsata,Human,"Drona,Kunti,Yudhistra,Bhima,Arjuna,Nakula,Sahadeva,Vyasa,Vidura",
Asvatthaman,,Son of Drona,Human,"Drona,Krpi",
Ekalavya,,Drona's Student,Human,"Drona,Arjuna",
Purocana,,Duryodhana's Aide,Human,Duryodhana,
Hidimba,,A Demon,Demon,"Kunti,Yudhistra,Arjuna,Nakula,Sahadeva,Hidimbi",Bhima
Hidimbi,,Hidimbas Sister,Demon,"Kunti,Yudhistra,Bhima,Arjuna,Nakula,Sahadeva",
Ghatotkaca,,Son of Bhima and Hidimbi,Demon,"Bhima,Hidimbi,Kunti,Yudhistra,Arjuna,Nakula,Sahadeva",
Brahmin of Ekacakra,,A Brahmin,Human,"Kunti,Yudhistra,Bhima,Arjuna,Nakula,Sahadeva",
Baka,,A Demon,Demon,Brahmin of Ekacakra,Bhima
Yaja,,A Seer,Human,Drupada,
Upayaja,,A Seer,Human,"Drupada,Yaja",
Dhrstadyumna,,Drupada's Son,Human,"Drupada,Draupadi,Kunti,Yudhistra,Bhima,Arjuna,Nakula,Sahadeva,Vyasa",
Draupadi,,Drupada's Daughter,Human,"Drupada,Kunti,Yudhistra,Bhima,Arjuna,Nakula,Sahadeva,Vyasa",
Angaraparna,,A King,Human,"Kunti,Yudhistra,Bhima,Arjuna,Nakula,Sahadeva",
Tapati,,Samvarana's Wife,Human,"Samvarana,Kuru,Vasistha",
Sakti,,Vasistha's Son,Human,Vasistha,
Kalmasapada,,A King,Human,"Visvamitra,Adrsyanti,Vasistha",Sakti
Adrsyanti,,Sakti's Wife,Human,"Sakti,Vasistha,Parasara",
Asmaka,,Son of Vasistha,Human,"Vasistha,Kalmasapada",
Dhaumya,,Pandavas Priest,Human,"Kunti,Yudhistra,Bhima,Arjuna,Nakula,Sahadeva",
Salya,,A King,Human,"Madri,Nakula",Bhima
Vikarna,,Duryodhana's Brother,Human,"Dhrtarastra,Gandhari,Duryodhana,Drona,Citrasena,Krpa,Yudhistra,Bhima,Arjuna,Draupadi",
Citrasena,,A King,Human,"Dhrtarastra,Duryodhana,Drona,Krpa",
Narada,,A Seer,Human,"Yudhistra,Bhima,Arjuna,Nakula,Sahadeva,Draupadi",
Sunda,,A Demon,Demon,"Upasunda,Brahma",
Upasunda,,A Demon,Demon,Brahma,
Visvakarman,,A Seer,Human,"Brahma,Tilottama",
Shiva,,Supreme God,God,"Brahma,Indra,Tilottama",
Tilottama,,An Apsares,Apsaras,"Indra,Brahma,Sunda,Upasunda",
Ulupi,,Daughter of the King of Serpents,Human,Arjuna,
Citravahana,,A King,Human,"Arjuna,Citran",
Citran,,Daughter of Citravahana,Human,Arjuna,
Babhruvahana,,Arjuna's Son,Human,"Arjuna,Citran,Citravahana",
Krsna,,A Prince,Human,"Yudhistra,Bhima,Arjuna,Nakula,Sahadeva,Balarama,Subhadra,Indra",
Balarama,,Krsna's Brother,Human,"Yudhistra,Bhima,Arjuna,Nakula,Sahadeva,Subhadra",
Subhadra,,Krsna's Sister,Human,"Yudhistra,Bhima,Arjuna,Nakula,Sahadeva,Draupadi",
Abhimanyu,,Arjuna's Son,Human,"Yudhistra,Bhima,Arjuna,Nakula,Sahadeva,Draupadi,Subhadra,Kunti,Krsna,Balarama",
Prativindhya,,Son of Yudhistra,Human,"Yudhistra,Bhima,Arjuna,Nakula,Sahadeva,Draupadi,Kunti,Abhimanyu",
Sutasoma,,Son of Bhima,Human,"Yudhistra,Bhima,Arjuna,Nakula,Sahadeva,Draupadi,Kunti,Abhimanyu,Prativindhya",
Srutakarman,,Son of Arjuna,Human,"Yudhistra,Bhima,Arjuna,Nakula,Sahadeva,Draupadi,Kunti,Abhimanyu,Prativindhya,Sutasoma",
Satanika,,Son of Nakula,Human,"Yudhistra,Bhima,Arjuna,Nakula,Sahadeva,Draupadi,Kunti,Abhimanyu,Prativindhya,Sutasoma,Srutakarman",
Srutasena,,Son of Sahadeva,Human,"Yudhistra,Bhima,Arjuna,Nakula,Sahadeva,Draupadi,Kunti,Abhimanyu,Prativindhya,Sutasoma,Srutakarman,Satanika",
Varuna,,God of Water,God,"Agni,Arjuna,Krsna",
Asvasena,,Taksaka's Son,Animal,Taksaka,Arjuna
Maya,,A Demon,Demon,Arjuna,
Janamejaya,,,,Vaisampayana,
Maya,,,,"Arjuna,Krsna,Bhima,Yudhistra",
Yudhistra,,,,"Bhima,Arjuna,Nakula,Sahadeva,Krsna,Kunti,Draupadi",
Bhima,,,,"Arjuna,Nakula,Sahadeva,Krsna,Kunti,Draupadi",
Arjuna,,,,"Nakula,Sahadeva,Krsna,Kunti,Draupadi,Subhadra,Jarasamdha",
Nakula,,,,"Sahadeva,Krsna,Kunti,Draupadi",
Sahadeva,,,,"Krsna,Kunti,Draupadi",
Krsna,,,,"Kunti,Subhadra,Draupadi,Dhaumya,Draupadi",
Subhadra,,,,,
Kunti,,,,,
Dhaumya,,,,,
Draupadi,,,,,
Vrsaparvan,,,,Maya,
Narada,,,,Yudhistra,
Hariscandra,,A King,Human,Indra,
Indra,,,,,
Kubera,,God of Wealth,God,"Shiva,Uma",
Surya,,,,Narada,
Jarasamdha,,A King,Human,"Sisupla,Vakra,Hamsa,Dibhaka,Dantavakra,Karusa,Kalabha,Meghavahana,Vasudeva,Bhismaka,Krsna",Bhima
Sisupla,,A King,Human,"Vakra,Hamsa,Dibhaka,Dantavakra,Karusa,Kalabha,Meghavahana,Vasudeva,Bhismaka,Bhima",Krsna
Vakra,,A Lord,Human,"Hamsa,Dibhaka,Dantavakra,Karusa,Kalabha,Meghavahana,Vasudeva,Bhismaka",
Hamsa,,A King,Human,"Dibhaka,Dantavakra,Karusa,Kalabha,Meghavahana,Vasudeva,Bhismaka",
Dibhaka,,A King,Human,"Dantavakra,Karusa,Kalabha,Meghavahana,Vasudeva,Bhismaka",
Dantavakra,,A King,Human,"Karusa,Kalabha,Meghavahana,Vasudeva,Bhismaka",
Karusa,,A King,Human,"Kalabha,Meghavahana,Vasudeva,Bhismaka",
Kalabha,,A King,Human,"Meghavahana,Vasudeva,Bhismaka",
Meghavahana,,A King,Human,"Vasudeva,Bhismaka",
Vasudeva,,A King,Human,Bhismaka,
Bhismaka,,A King,Human,,
Ahrti,,Bhismaka's Brother,Human,Bhismaka,
Bhagadatta,,A King,Human,"Jarasamdha,Kuntibhoja",Arjuna
Kuntibhoja,,A King,Human,"Jarasamdha,Kunti,Sahadeva",
Kamsa,,A King,Human,"Asti,Prapti","Krsna,Balarama"
Asti,,Jarasamdha's daughter,Human,"Prapti,Jarasamdha",
Prapti,,Jarasamdha's daughter,Human,Jarasamdha,
Sunaman,,Kamsa's Brother,Human,Kamsa,"Krsna,Balarama"
Balarama,,,,"Ahuka,Carudesna,Pradyumna,Cakradeva,Satyaki,Krtavarman,Anadhrsti,Samika,Samitimjaya,Kahva,Sanku,Nidanta",
Ahuka,,Vrsni warrior,Human,"Krsna,Carudesna,Pradyumna,Cakradeva,Satyaki,Krtavarman,Anadhrsti,Samika,Samitimjaya,Kahva,Sanku,Nidanta",
Carudesna,,Krsna's Son,Human,"Krsna,Pradyumna,Cakradeva,Satyaki,Krtavarman,Anadhrsti,Samika,Samitimjaya,Kahva,Sanku,Nidanta",
Pradyumna,,Vrsni warrior,Human,"Krsna,Cakradeva,Satyaki,Krtavarman,Anadhrsti,Samika,Samitimjaya,Kahva,Sanku,Nidanta",
Cakradeva,,Vrsni warrior,Human,"Krsna,Satyaki,Krtavarman,Anadhrsti,Samika,Samitimjaya,Kahva,Sanku,Nidanta",
Satyaki,,Vrsni warrior,Human,"Krsna,Krtavarman,Anadhrsti,Samika,Samitimjaya,Kahva,Sanku,Nidanta",
Krtavarman,,Vrsni warrior,Human,"Krsna,Anadhrsti,Samika,Samitimjaya,Kahva,Sanku,Nidanta",
Anadhrsti,,Vrsni warrior,Human,"Krsna,Samika,Samitimjaya,Kahva,Sanku,Nidanta",
Samika,,Vrsni warrior,Human,"Krsna,Samitimjaya,Kahva,Sanku,Nidanta",
Samitimjaya,,Vrsni warrior,Human,"Krsna,Kahva,Sanku,Nidanta",
Kahva,,Vrsni warrior,Human,"Krsna,Sanku,Nidanta",
Sanku,,Vrsni warrior,Human,"Krsna,Nidanta",
Nidanta,,Vrsni warrior,Human,Krsna,
Sudharman,,A King,Human,Bhima,
Indrasena,,Yudhisthira's Charioteer,Human,Yudhistra,
Visoka,,Bhima's Chariotter,Human,Bhima,
Purru,,Arjuna's Charioteer,Human,Arjuna,
Vyasa,,,,"Yudhistra,Bhima,Arjuna,Nakula,Sahadeva,Krsna,Susaman,Yajnavalkya,Paila,Dhaumya",
Susaman,,A Brahmin,Human,"Yajnavalkya,Paila,Dhaumya",
Yajnavalkya,,A Brahmin,Human,"Paila,Dhaumya",
Paila,,A Brahmin,Human,Dhaumya,
Drona,,,,"Yudhistra,Bhima,Arjuna,Nakula,Sahadeva,Krsna,Bhisma,Draupadi",
Dhrtarastra,,,,"Yudhistra,Bhima,Arjuna,Nakula,Sahadeva,Krsna,Bhisma,Duryodhana,Vidura,Sakuni,Draupadi",
Vidura,,,,"Yudhistra,Bhima,Arjuna,Nakula,Sahadeva,Krsna,Bhisma,Draupadi",
Duryodhana,,,,"Yudhistra,Bhima,Arjuna,Nakula,Sahadeva,Krsna,Bhisma,Vidura,Draupadi",
Subala,,A King,Human,"Yudhistra,Bhima,Arjuna,Nakula,Sahadeva,Krsna,Bhisma,Draupadi",
Sakuni,,,,"Yudhistra,Bhima,Arjuna,Nakula,Sahadeva,Krsna,Bhisma,Duryodhana,Draupadi",
Acala,,A King,Human,"Yudhistra,Bhima,Arjuna,Nakula,Sahadeva,Krsna,Bhisma",
Vrsaka,,A King,Human,"Yudhistra,Bhima,Arjuna,Nakula,Sahadeva,Krsna,Bhisma",
Karna,,,,"Yudhistra,Bhima,Arjuna,Nakula,Sahadeva,Krsna,Bhisma,Dhrtarastra,Duryodhana,Drona,Krpa,Asvatthaman,Draupadi",
Rta,,A King,Human,"Yudhistra,Bhima,Arjuna,Nakula,Sahadeva,Krsna,Bhisma",
Bahlika,,A King,Human,"Yudhistra,Bhima,Arjuna,Nakula,Sahadeva,Krsna,Bhisma",
Somadatta,,A King,Human,"Yudhistra,Bhima,Arjuna,Nakula,Sahadeva,Krsna,Bhisma",
Bhuri,,A King,Human,"Yudhistra,Bhima,Arjuna,Nakula,Sahadeva,Krsna,Bhisma",
Bhurisravas,,A King,Human,"Yudhistra,Bhima,Arjuna,Nakula,Sahadeva,Krsna,Bhisma",
Sala,,Brother of Bhurivas,Human,"Yudhistra,Bhima,Arjuna,Nakula,Sahadeva,Krsna,Bhisma",
Asvatthaman,,,,"Yudhistra,Bhima,Arjuna,Nakula,Sahadeva,Krsna,Bhisma,Drona,Draupadi",
Krpa,,,,"Yudhistra,Bhima,Arjuna,Nakula,Sahadeva,Krsna,Bhisma,Dhrtarastra,Duryodhana,Drona,Asvatthaman,Draupadi",
Jayadratha,,,,"Yudhistra,Bhima,Arjuna,Nakula,Sahadeva,Krsna,Bhisma",
Drupada,,,,"Yudhistra,Bhima,Arjuna,Nakula,Sahadeva,Krsna,Bhisma",
Dhrstadyumna,,,,"Yudhistra,Bhima,Arjuna,Nakula,Sahadeva,Krsna,Bhisma,Virata",
Salva,,,Demon,"Yudhistra,Bhima,Arjuna,Nakula,Sahadeva,Krsna,Bhisma",
Brhadbala,,A King,Human,"Yudhistra,Bhima,Arjuna,Nakula,Sahadeva,Krsna,Bhisma",
Akarsa,,A King,Human,"Yudhistra,Bhima,Arjuna,Nakula,Sahadeva,Krsna,Bhisma",
Kuntala,,A King,Human,"Yudhistra,Bhima,Arjuna,Nakula,Sahadeva,Krsna,Bhisma",
Andhras,,A King,Human,"Yudhistra,Bhima,Arjuna,Nakula,Sahadeva,Krsna,Bhisma",
Suhma,,A King,Human,"Yudhistra,Bhima,Arjuna,Nakula,Sahadeva,Krsna,Bhisma",
Virata,,A King,Human,"Yudhistra,Bhima,Arjuna,Nakula,Sahadeva,Krsna,Bhisma",
Macella,,A King,Human,"Yudhistra,Bhima,Arjuna,Nakula,Sahadeva,Krsna,Bhisma",
Aniruddha,,A King,Human,"Yudhistra,Bhima,Arjuna,Nakula,Sahadeva,Krsna,Bhisma",
Babhru,,A King,Human,"Yudhistra,Bhima,Arjuna,Nakula,Sahadeva,Krsna,Bhisma",
Sarana,,A King,Human,"Yudhistra,Bhima,Arjuna,Nakula,Sahadeva,Krsna,Bhisma",
Gada,,A King,Human,"Yudhistra,Bhima,Arjuna,Nakula,Sahadeva,Krsna,Bhisma",
Samba,,Krsna's Son,Human,"Yudhistra,Bhima,Arjuna,Nakula,Sahadeva,Krsna,Bhisma",
Ulmuka,,A King,Human,"Yudhistra,Bhima,Arjuna,Nakula,Sahadeva,Krsna,Bhisma",
Vivimsati,,Duryodhana's Brother,Human,"Dhrtarastra,Duryodhana,Bhisma,Drona,Krpa,Asvatthaman",
Bhisma,,,,Draupadi,
Rukmini,,Krsna's Wife,Human,"Krsna,Sisupla",
Dhamaghosa,,Sisuplas' Father,Human,Sisupla,
Daruka,,Krsna's Charioteer,Human,Krsna,
Gandhari,,,,"Dhrtarastra,Drona,Bhisma,Karna,Krpa,Asvatthaman,Yudhistra",
Duryodhana's Page,,,Human,"Duryodhana,Draupadi",
Duhsasana,,Duryodhana's Brother,Human,"Yudhistra,Bhima,Arjuna,Nakula,Sahadeva,Krsna,Bhisma,Dhrtarastra,Duryodhana,Drona,Krpa,Asvatthaman,Vikarna,Draupadi,Karna",
Vikarna,,,,"Yudhistra,Bhima,Arjuna,Nakula,Sahadeva,Krsna,Bhisma,Dhrtarastra,Duryodhana,Drona,Krpa,Asvatthaman,Draupadi,Karna,Vidura",
Janamejaya,,,,Vaisampayana,
Yudhistra,,,,"Bhima,Arjuna,Nakula,Sahadeva,Draupadi,Dhaumya,Krsna",
Bhima,,,,"Arjuna,Nakula,Sahadeva,Draupadi,Dhaumya,Krsna",
Arjuna,,,,"Nakula,Sahadeva,Draupadi,Dhaumya,Krsna",
Nakula,,,,"Sahadeva,Draupadi,Dhaumya,Krsna",
Sahadeva,,,,"Draupadi,Dhaumya,Krsna",
Draupadi,,,,Dhaumya,
Dhaumya,,,,,
Dhrtarastra,,,,Vidura,
Vidura,,,,"Yudhistra,Bhima,Arjuna,Nakula,Sahadeva,Draupadi,Dhaumya",
Samjaya,,Dhrtarastra's Aide,Human,"Dhrtarastra,Yudhistra,Bhima,Arjuna,Nakula,Sahadeva,Draupadi,Vidura",
Duryodhana,,,,"Sakuni,Duhsasana,Karna,Krsna",
Sakuni,,,,"Duhsasana,Karna,Krsna",
Duhsasana,,,,"Karna,Krsna",
Karna,,,,Krsna,
Krsna,,,,"Dhrtarastra,Yudhistra,Bhima,Arjuna,Nakula,Sahadeva,Draupadi",
Indra,,,,"Arjuna,Nala,Damayanti,Yudhistra",
Surabhi,,A Cow,Animal,Indra,
Maitreya,,A Seer,Human,"Yudhistra,Bhima,Arjuna,Nakula,Sahadeva,Duryodhana,Dhrtarastra",
Kirmira,,A Demon,Demon,"Yudhistra,Arjuna,Nakula,Sahadeva,Sahadeva",Bhima
Dhrstadyumna,,,,"Yudhistra,Bhima,Arjuna,Nakula,Sahadeva,Sikhandin,Krsna,Draupadi",
Sikhandin,,,Human,"Yudhistra,Bhima,Arjuna,Nakula,Sahadeva,Krsna,Draupadi",
Salva,,,,,Krsna
Samba,,,,,
Ksemavrddhi,,Salva's General,Demon,Salva,Samba
Vegavat,,Salva's General,Demon,Salva,Samba
Carudesna,,,,,
Vivindhya,,Salva's General,Demon,Salva,Carudesna
Pradyumna,,,,"Salva,Daruki",
Daruki,,Pradyumna's Charioteer,Human,Pradyumna,
Markandeya,,A Seer,Human,"Yudhistra,Bhima,Arjuna,Nakula,Sahadeva,Krsna,Draupadi",
Dalbhya,,A Brahmin,Human,Yudhistra,
Muka,,A Demon,Human,,"Arjuna,Shiva"
Shiva,,,,Arjuna,
Matali,,Indra's Charioteer,Human,"Indra,Arjuna,Rama",
Citrasena,,,,Arjuna,"Karna,Duryodhana"
Lomasa,,A Seer,Human,"Indra,Yudhistra,Bhima,Arjuna,Nakula,Sahadeva",
Brhadasva,,A Seer,Human,"Yudhistra,Nala",
Nala,,A King,Human,,
Bhima of Vidarbha,,A King,Human,Nala,
Damana,,A Seer,Human,Bhima of Vidarbha,
Damayanti,,Bhima of Vidarbhas Daughter,Human,"Bhima of Vidarbha,Nala",
Parvata,,A Seer,Human,"Indra,Narada",
Narada,,,,"Indra,Yudhistra,Bhima,Nakula,Sahadeva,Draupadi",
Varuna,,,,"Indra,Agni,Nala,Damayanti",
Agni,,,,"Indra,Nala,Damayanti",
Dvapara,,Evil Being,God,Indra,
Kali,,Evil Being,God,"Indra,Dvapara",Nala
Puskara,,Nala's Brother,Human,Nala,
Varsneya,,Nala's Charioteer,Human,"Nala,Damayanti",
Karkotaka,,A Serpent,Animal,Nala,
Rtuparna,,A King,Human,Nala,
Sudeva,,A Seer,Human,"Bhima of Vidarbha,Damayanti",
Kesini,,A Maid,Human,"Damayanti,Nala",
Ilvala,,A Demon,Demon,Vatapi,
Vatapi,,Ilvala's Brother,Demon,,
Agastya,,,Human,"Lopamudra,Ilvala,Indra",
Lopamudra,,Agastya's Wife,Human,,
Srutarvan,,A King,Human,"Agastya,Ilvala",
Vadhryasva,,A King,Human,"Agastya,Srutarvan,Ilvala",
Trasadasyu,,A King,Human,"Agastya,Srutarvan,Vadhryasva,Ilvala",
Drdhasyu,,Agastya's Son,Human,"Agastya,Lopamudra",
Vibhandaka,,A Brahmin,Human,Rsyasrnga,
Rsyasrnga,,Vibhandaka's Son,Human,,
Urvasi,,,,Vibhandaka,
Lomapada,,A King,Human,Rsyasrnga,
Santa,,Lomapada's Daughter,Human,"Rsyasrnga,Lomapada",
Akrtavrana,,An Ascetic,Human,Yudhistra,
Bhgru,,,,Satyavati,
Jamadagni,,,,"Satyavati,Bhgru",
Renuka,,Jamadagni's Wife,Human,Jamadagni,
Prasenajit,,Father of Renuka,Human,Renuka,
Citraratha,,A King,Human,Renuka,
Rama,,,,"Renuka,Jamadagni,Yudhistra,Hanuman,Brahma",
Kartavirya,,A King,Human,,Rama
Kartavirya's Sons,,,Human,,Jamadagni
Balarama,,,,"Yudhistra,Bhima,Nakula,Sahadeva,Krsna,Satyaki",
Satyaki,,,,"Yudhistra,Bhima,Nakula,Sahadeva,Krsna",
Cyavana,,,,"Sukanya,Nakula,Sahadeva,Indra",
Sukanya,,,Human,"Cyavana,Saryati,Nakula,Sahadeva",
Saryati,,Sukanya's Father,Human,,
Bharadvaja,,,,Raibhya,
Raibhya,,A Scholsr,Human,,
Yavakrita,,Bharadvaja's Son,Human,"Bharadvaja,Indra",Raibhya
Paravasu,,Raibhya's Son,Human,Raibhya,
Arvavasu,,Raibhya's Son,Human,"Raibhya,Paravasu",
Ghatotkaca,,,,"Yudhistra,Bhima,Nakula,Sahadeva,Draupadi,Arjuna",
Hanuman,,Monkey God,God,Bhima,
Jatasura,,A Demon,Demon,"Yudhistra,Arjuna,Nakula,Sahadeva,Draupadi",Bhima
Arstisena,,A Seer,Human,"Yudhistra,Bhima,Nakula,Sahadeva,Draupadi",
Manimat,,A Demon,Demon,,Bhima
Kubera,,,,"Yudhistra,Bhima,Nakula,Sahadeva,Draupadi",
Nivatakavacas Demon's,,Demons,Demon,,Arjuna
Visnu,,,,"Uttanka,Brahma","Madhu,Kaitabha"
Uttanka,,,,"Brhadasva,Visnu",
Kuvalasva,,A King,Human,Brhadasva,
Brhadasva,,,,,
Madhu,,A Demon,Demon,"Brahma,Kaitabha",
Kaitabha,,A Demon,Demon,Brahma,
Brahma,,,,,
Dhundhu,,A Demon,Demon,"Brahma,Madhu,Kaitabha,Visnu",Kuvalasva
Agni,,,,Angiras,
Angiras,,A Sage,Human,Brhaspati,
Brhaspati,,,,,
Prajapati,,Devasena's Father,Human,Devasena,
Devasena,,,Human,Indra,
Kesin,,A Demon,Demon,Devasena,
Svaha,,Wife of Skanda,Human,Agni,
Visvamitra,,,,Svaha,
Skanda,,God of War,God,"Svaha,Agni,Indra",
Tapas,,Daughter of Agni,God,"Agni,Skanda",
Sri,,Godess of Prosperity,God,"Skanda,Visnu",
Mahisa,,A Demon,Demon,,"Skanda,Indra"
Satyabhama,,Krsna's chief Queen,Human,"Draupadi,Krsna",
Krtya,,A Demon,Demon,Duryodhana,
Bhisma,,,,"Sakuni,Duhsasana,Karna,Duryodhana,Dhrtarastra",
Mudgala,,A Seer,Human,Durvasas,
Durvasas,,A Seer,Human,,
Jayadratha,,,,"Kotikasya,Draupadi,Yudhistra,Bhima,Arjuna,Nakula,Sahadeva",
Kotikasya,,Jayadratha's companion,Human,Draupadi,
Dasaratha,,A King,Human,"Rama,Laksmana,Satrughna,Bharata",
Laksmana,,Dasaratha's Son,Human,"Rama,Satrughna,Bharata,Sita,Hanuman",
Satrughna,,Dasaratha's Son,Human,"Rama,Bharata",
Bharata,,Dasaratha's Son,Human,Rama,
Janaka,,Father of Sita,Human,Sita,
Sita,,Wife of Rama,Human,Rama,
Ravana,,A Demon,Demon,"Kumbhakarna,Khara,Surpanakha,Vibhisana,Brahma,Sita",Rama
Kumbhakarna,,A Demon,Demon,"Ravana,Brahma",Laksmana
Khara,,A Demon,Demon,Ravana,Rama
Surpanakha,,A Demon,Demon,Ravana,Rama
Vibhisana,,A Demon,Demon,"Ravana,Brahma,Kumbhakarna,Rama",
Kaikeya,,A Queen,Human,"Dasaratha,Bharata",
Marica,,Ravana's Aide,Human,Ravana,Rama
Jatayu,,A Vulture,Animal,"Rama,Laksmana",Ravana
Visvavasu,,A King,Human,"Rama,Laksmana",
Kabandha,,A Demon,Demon,,"Rama,Laksmana"
Sugriva,,Monkey King,Animal,"Rama,Laksmana,Hanuman",
Valin,,Sugrivas Brother,Animal,"Sugriva,Laksmana",Rama
Trijata,,A Demon,Demon,Sita,
Angada,,A Monkey,Animal,"Rama,Ravana",
Prahasta,,A Demon,Demon,,Vibhisana
Dhumraksa,,A Demon,Demon,,Hanuman
Pramathin,,A Demon,Demon,,Hanuman
Vajravega,,A Demon,Demon,,Hanuman
Indrajit,,A Demon,Demon,Ravana,"Rama,Laksmana"
Avindhya,,A Demon,Demon,"Ravana,Rama,Sita",
Asvapati,,A King,Human,"Savitri,Narada,Savitri(Godess)",
Savitri(Godess),,A Godess,God,,
Savitri,,Daughter of Asvapati,Human,"Asvapati,Narada",
Dyumatsena,,A King,Human,"Satyavat,Asvapati,Savitri",
Satyavat,,Dyumatsena's Son,Human,"Asvapati,Savitri",
Yama,,,,Savitri,
Janamejaya,,,,Vaisampayana,
Yudhistra,,,,"Bhima,Arjuna,Nakula,Sahadeva,Draupadi,Dhaumya",
Bhima,,,,"Arjuna,Nakula,Sahadeva,Draupadi,Dhaumya",
Arjuna,,,,"Nakula,Sahadeva,Draupadi,Dhaumya",
Nakula,,,,"Sahadeva,Draupadi,Dhaumya",
Sahadeva,,,,"Draupadi,Dhaumya",
Draupadi,,,,Dhaumya,
Dhaumya,,,,,
Virata,,,,"Yudhistra,Bhima,Arjuna,Nakula,Sahadeva,Draupadi",
Sudesna,,Virata's Wife,Human,"Virata,Draupadi",
Uttara,,Virata's Daughter,Human,"Virata,Sudesna,Arjuna,Yudhistra,Bhima,Nakula,Sahadeva,Krsna",
Jimuta,,A Wrestler,Human,"Virata,Bhima",
Kicaka,,Virata's General,Human,"Sudesna,Draupadi,Virata",Bhima
Duryodhana,,,,"Karna,Duhsasana,Drona,Bhisma,Krpa,Susarman,Asvatthaman,Sakuni,Vivimsati,Vikarna,Citrasena,Durmukha,Duhsasa",Arjuna
Karna,,,,"Duhsasana,Drona,Bhisma,Krpa,Susarman,Asvatthaman,Sakuni,Vivimsati,Vikarna,Citrasena,Durmukha,Duhsasa",Arjuna
Duhsasana,,,,"Drona,Bhisma,Krpa,Susarman,Asvatthaman,Sakuni,Vivimsati,Vikarna,Citrasena,Durmukha,Duhsasa",Arjuna
Drona,,,,"Bhisma,Krpa,Susarman,Asvatthaman,Sakuni,Vivimsati,Vikarna,Citrasena,Durmukha,Duhsasa",Arjuna
Bhisma,,,,"Krpa,Susarman,Asvatthaman,Sakuni,Vivimsati,Vikarna,Citrasena,Durmukha,Duhsasa",Arjuna
Krpa,,,,"Susarman,Asvatthaman,Sakuni,Vivimsati,Vikarna,Citrasena,Durmukha,Duhsasa",Arjuna
Susarman,,King of Trigarta,Human,"Asvatthaman,Sakuni,Vivimsati,Vikarna,Citrasena,Durmukha,Duhsasa",Virata
Asvatthaman,,,,"Sakuni,Vivimsati,Vikarna,Citrasena,Durmukha,Duhsasa",Arjuna
Sakuni,,,,"Vivimsati,Vikarna,Citrasena,Durmukha,Duhsasa",
Vivimsati,,,,"Vikarna,Citrasena,Durmukha,Duhsasa",Arjuna
Vikarna,,,,"Citrasena,Durmukha,Duhsasa",Arjuna
Citrasena,,,,"Durmukha,Duhsasa",
Durmukha,,Duryodhana's Brother,Human,Duhsasa,
Duhsasa,,Duryodhana's Brother,Human,,Arjuna
Sankha,,Virata's Son,Human,"Virata,Yudhistra,Arjuna,Bhima,Nakula,Sahadeva",
Bhumimjaya,,Virata's Son,Human,"Virata,Sankha,Uttara,Sudesna,Arjuna,Draupadi,Yudhistra",
Samgramajit,,Karna's Brother,Human,Karna,Arjuna
Abhimanyu,,,,"Uttara,Virata,Yudhistra,Bhima,Arjuna,Draupadi,Nakula,Sahadeva",
Krsna,,,,"Yudhistra,Bhima,Arjuna,Nakula,Sahadeva,Draupadi,Abhimanyu,Virata",
Yudhistra,,,,"Bhima,Arjuna,Nakula,Sahadeva,Draupadi,Krsna,Balarama,Satyaki,Drupada,Virata,Dhrstadyumna",
Bhima,,,,"Arjuna,Nakula,Sahadeva,Draupadi,Krsna,Balarama,Satyaki,Drupada,Virata,Dhrstadyumna",
Arjuna,,,,"Nakula,Sahadeva,Draupadi,Krsna,Balarama,Satyaki,Drupada,Virata,Dhrstadyumna",
Nakula,,,,"Sahadeva,Draupadi,Krsna,Balarama,Satyaki,Drupada,Virata,Dhrstadyumna",
Sahadeva,,,,"Draupadi,Krsna,Balarama,Satyaki,Drupada,Virata,Dhrstadyumna",
Draupadi,,,,"Krsna,Balarama,Satyaki,Drupada,Virata,Dhrstadyumna",
Krsna,,,,"Balarama,Satyaki,Drupada,Virata,Dhrtarastra,Vidura,Bhisma,Drona,Asvatthaman,Karna,Dhrstadyumna",
Balarama,,,,"Satyaki,Drupada,Virata",
Satyaki,,,,"Drupada,Virata",
Drupada,,,,"Virata,Shiva",
Virata,,,,,
Janamejaya,,,,Vaisampayana,
Duryodhana,,,,"Krsna,Arjuna,Balarama",
Krtavarman,,,,"Duryodhana,Krsna",
Salya,,,,"Duryodhana,Yudhistra",
Tvastr,,God of Craftsmen,God,"Indra,Visvarupa,Vrtra",
Indra,,,,,
Visvarupa,,A Brahmin,Human,,Indra
Vrtra,,A Demon,Demon,,"Indra,Visnu"
Visnu,,,,Indra,
Nahusa,,,,Saci,
Saci,,Indra's Wife,God,Indra,
Brhaspati,,,,"Saci,Nahusa,Indra",
Upasruti,,Oracle Godess,God,Saci,
Agni,,,,"Brhaspati,Indra",
Kubera,,,,"Indra,Brhaspati,Yama,Soma,Varuna,Agastya",
Yama,,,,"Indra,Brhaspati,Soma,Varuna,Agastya",
Soma,,God of Moon,God,"Indra,Brhaspati,Varuna,Agastya",
Varuna,,,,"Indra,Brhaspati,Agastya",
Agastya,,,,"Agastya,Indra,Brhaspati",
Dhrstaketu,,A King,Human,Yudhistra,
Jayatsena,,A King,Human,Yudhistra,
Bhagadatta,,,,Duryodhana,
Bhurisravas,,,,Duryodhana,
Jayadratha,,,,Duryodhana,
Sudaksina,,A King,Human,Duryodhana,
Nila,,A King,Human,Duryodhana,
Vinda,,A King,Human,"Duryodhana,Anuvinda",
Anuvinda,,A King,Human,Duryodhana,
Dhrtarastra,,,,"Duryodhana,Bhisma,Vidura,Drona",
Bhisma,,,,"Duryodhana,Vidura,Drona",
Vidura,,,,"Duryodhana,Drona",
Karna,,,,"Duryodhana,Bhisma,Vidura,Dhrtarastra,Drona",
Samjaya,,,,"Dhrtarastra,Yudhistra,Arjuna,Bhima,Nakula,Sahadeva,Duryodhana",
Drupada's Priest,,A Priest,Human,"Dhrtarastra,Duryodhana,Bhisma,Vidura,Karna,Drupada,Yudhistra",
Virocana,,A Demon,Demon,"Kesini(Virocana's Wife),Sudhanvan",
Kesini(Virocana's Wife),,A Demon,Demon,Sudhanvan,
Sudhanvan,,A Brahmin,Human,,
Prahrada,,Virocana's Father,Demon,"Kesini(Virocana's Wife),Sudhanvan,Virocana",
Sanatsujata,,A Seer,Human,"Vidura,Dhrtarastra",
Drona,,,,Duryodhana,
Rama,,,,"Krsna,Duryodhana,Dhrtarastra,Bhisma,Drona,Krpa,Karna,Vivimsati,Asvatthaman,Vikarna,Somadatta",
Duhsasa,,,,"Dhrtarastra,Duryodhana,Bhisma,Drona,Vidura,Karna",
Asvatthaman,,,,"Duryodhana,Dhrtarastra,Karna,Drona,Bhisma,Duhsasa,Vidura",
Kunti,,,,"Krsna,Vidura,Karna",
Duhsasana,,,,"Duryodhana,Duhsasa,Krsna,Karna,Sakuni",
Sakuni,,,,"Duryodhana,Duhsasa,Krsna,Drona,Vidura,Asvatthaman,Karna",
Kanva,,,,Duryodhana,
Matali,,,,"Gunakesi,Indra",
Gunakesi,,Matali's Daughter,Human,,
Narada,,,,"Matali,Varuna",
Sumukha,,A Serpent,Animal,"Matali,Narada,Indra",
Aryaka,,Grandfather of Sumukha,Animal,"Sumukha,Matali,Narada",
Garuda,,,,"Indra,Visnu",
Vasistha,,,,Visvamitra,
Visvamitra,,,,"Garuda,Madhavi",
Galava,,Visvamitra's Student,Human,"Visvamitra,Garuda",
Sandili,,A  Brahmin woman,Human,"Galava,Garuda",
Yayati,,,,"Galava,Garuda,Madhavi",
Madhavi,,Yayati's Daughter,Human,Galava,
Haryasva,,A King,Human,"Galava,Madhavi",
Vasumanas,,Haryasva's Son,Human,"Haryasva,Madhavi,Yayati",
Divodasa,,A King,Human,"Galava,Madhavi",
Pratardana,,Divodasa's Son,Human,"Divodasa,Madhavi,Yayati",
Usinara,,A King,Human,"Galava,Madhavi",
Sibi,,Usinara's Son,Human,"Usinara,Madhavi,Yayati",
Astaka,,,,"Visvamitra,Madhavi,Yayati",
Gandhari,,,,"Duryodhana,Dhrtarastra,Bhisma,Drona,Krpa,Karna,Vivimsati,Asvatthaman,Vikarna,Somadatta",
Satyaki,,,,"Krtavarman,Krsna,Dhrtarastra,Vidura,Drona,Bhisma,Vivimsati,Asvatthaman,Vikarna,Somadatta",
Dvivida,,A Monkey King,Animal,,Krsna
Putana,,A Demon,Demon,,Krsna
Arista,,A Demon,Demon,,Krsna
Dhenuka,,A Demon,Demon,,Krsna
Canura,,A Demon,Demon,,Krsna
Daruka,,,,Krsna,
Vidura(Woman),,Samjaya's Mother,Human,Samjaya,
Dhrstadyumna,,,,,
Rukmin,,Rukmini's Brother,Human,"Yudhistra,Krsna,Arjuna,Duryodhana",
Uluka,,Sakuni's Son,Human,"Sakuni,Duryodhana,Yudhistra,Arjuna,Bhima,Nakula,Sahadeva,Krsna",
Citrangada,,,,Bhisma,
Vicitravirya,,,,"Bhisma,Ambha,Ambika,Ambalika",
Ambha,,,,"Bhisma,Hotravahana,Akrtavrana,Rama,Shiva",
Ambika,,,,Bhisma,
Ambalika,,,,Bhisma,
Hotravahana,,Ambha's grandfather,Human,"Akrtavrana,Rama",
Akrtavrana,,,,Rama,
Satyavati,,,,Bhisma,
Ganga,,,,"Bhisma,Rama",
Shiva,,,,,
Hiranyavarman,,A King,Human,Drupada,
Janamejaya,,,,Vaisampayana,
Yudhistra,,,,"Arjuna,Bhima,Nakula,Sahadeva,Krsna","Bhisma,Drona"
Arjuna,,,,"Bhima,Nakula,Sahadeva,Krsna","Duryodhana,Salya,Bhisma"
Bhima,,,,"Nakula,Sahadeva,Krsna",
Nakula,,,,"Sahadeva,Krsna",Bhisma
Sahadeva,,,,Krsna,Bhisma
Krsna,,,,,
Vyasa,,,,"Dhrtarastra,Samjaya",
Dhrtarastra,,,,Samjaya,
Samjaya,,,,,
Sikhandin,,,,"Yudhistra,Arjuna,Nakula,Sahadeva,Bhima,Dhrstadyumna,Ghatotkaca,Abhimanyu,Virata","Bhisma,Asvatthaman,Salya"
Duryodhana,,,,"Bhisma,Duhsasana","Bhima,Ghatotkaca"
Bhisma,,,,"Duhsasana,Yudhistra,Arjuna,Bhima,Nakula,Sahadeva,Krsna","Arjuna,Bhima"
Duhsasana,,,,"Duryodhana,Drona,Bhisma,Krtavarman,Vivimsati,Durmukha,Karna,Durmarsana,Asvatthaman","Dhrstadyumna,Bhima,Virata,Drupada,Arjuna"
Drona,,,,"Yudhistra,Bhisma",Bhima
Krpa,,,,"Yudhistra,Bhisma,Drona","Arjuna,Bhima,Dhrstadyumna,Satyaki"
Salya,,,,"Yudhistra,Bhisma,Krpa","Nakula,Sahadeva"
Karna,,,,"Krsna,Duryodhana,Bhisma",
Yuyutsu,,,,Yudhistra,
Durmukha,,,,"Bhisma,Krpa,Salya,Krtavarman,Vivimsati","Arjuna,Bhima"
Krtavarman,,,,"Bhisma,Krpa,Salya,Vivimsati","Arjuna,Bhima"
Vivimsati,,,,"Bhisma,Krpa,Salya","Arjuna,Bhima"
Abhimanyu,,,,"Yudhistra,Arjuna,Nakula,Sahadeva,Bhima,Dhrstadyumna,Ghatotkaca","Bhisma,Sakuni,Salya,Citrasena,Vikarna"
Dhrstadyumna,,,,"Yudhistra,Arjuna,Nakula,Sahadeva,Krsna,Bhima","Drona,Salya,Duryodhana"
Sakradeva,,Prince of Kalinga,Human,"Duryodhana,Bhanumat,Drona,Bhisma,Krtavarman,Vivimsati,Durmukha",Bhima
Bhanumat,,Prince of Kalinga,Human,"Duryodhana,Drona,Bhisma,Krtavarman,Vivimsati,Durmukha,Karna",Bhima
Srutayus,,King of Kalinga,Human,"Sakradeva,Duryodhana,Bhanumat,Drona,Bhisma,Krtavarman,Vivimsati,Durmukha,Karna","Bhima,Arjuna,Yudhistra"
Ketumat,,A King,Human,"Duryodhana,Drona,Bhisma,Krtavarman,Vivimsati,Durmukha,Karna",Bhima
Satyaki,,,,"Yudhistra,Arjuna,Nakula,Sahadeva,Bhima,Ghatotkaca","Sakuni,Bhisma,Duryodhana"
Sakuni,,,,"Duryodhana,Drona,Bhisma,Krtavarman,Vivimsati,Durmukha,Karna",
Ghatotkaca,,,,"Yudhistra,Arjuna,Nakula,Sahadeva,Bhima,Dhrstadyumna",
Virata,,,,"Yudhistra,Arjuna,Nakula,Sahadeva,Bhima,Dhrstadyumna",Drona
Drupada,,,,"Yudhistra,Arjuna,Nakula,Sahadeva,Bhima,Dhrstadyumna","Drona,Salya,Duryodhana"
Durmarsana,,A King,Human,"Duryodhana,Drona,Bhisma,Krtavarman,Vivimsati,Durmukha,Karna,Satyaki",Arjuna
Citrasena,,,,"Duryodhana,Drona,Bhisma,Krtavarman,Vivimsati,Durmukha,Karna,Durmarsana","Arjuna,Bhima"
Asvatthaman,,,,"Duryodhana,Drona,Bhisma,Krtavarman,Vivimsati,Durmukha,Karna,Durmarsana","Arjuna,Bhima,Satyaki"
Bhurisravas,,,,"Yudhistra,Arjuna,Nakula,Sahadeva,Bhima,Dhrstadyumna,Ghatotkaca",Duryodhana
Visoka,,,,"Dhrstadyumna,Bhima",
Vikarna,,,,"Duryodhana,Drona,Bhisma,Krtavarman,Vivimsati,Durmukha,Karna,Durmarsana,Asvatthaman",
Srutakarman,,,,"Yudhistra,Arjuna,Nakula,Sahadeva,Bhima,Dhrstadyumna,Ghatotkaca,Abhimanyu",Durmukha
Sutasoma,,,,"Srutakarman,Yudhistra,Arjuna,Nakula,Sahadeva,Bhima,Dhrstadyumna,Ghatotkaca,Abhimanyu",Durmukha
Sankha,,,,"Yudhistra,Arjuna,Nakula,Sahadeva,Bhima,Dhrstadyumna,Ghatotkaca,Abhimanyu,Virata",Drona
Alambusa,,A Demon,Human,Duryodhana,"Satyaki,Iravat,Abhimanyu"
Iravat,,Arjuna's Son,Animal,"Yudhistra,Arjuna,Nakula,Sahadeva,Bhima,Dhrstadyumna,Ghatotkaca,Abhimanyu,Virata",Sakuni
Anuvinda,,,,"Vinda,Duryodhana,Drona,Bhisma,Krtavarman,Vivimsati,Durmukha,Karna,Durmarsana,Asvatthaman","Iravat,Dhrstadyumna"
Vinda,,,,"Duryodhana,Drona,Bhisma,Krtavarman,Vivimsati,Durmukha,Karna,Durmarsana,Asvatthaman","Iravat,Dhrstadyumna"
Bhagadatta,,,,"Anuvinda,Vinda,Duryodhana,Drona,Bhisma,Krtavarman,Vivimsati,Durmukha,Karna,Durmarsana,Asvatthaman",Ghatotkaca
Cekitana,,Vrsni warrior,Human,"Yudhistra,Arjuna,Nakula,Sahadeva,Bhima,Dhrstadyumna,Ghatotkaca,Abhimanyu,Virata",Krpa
Dhrstaketu,,,,"Duryodhana,Drona,Bhisma,Krtavarman,Vivimsati,Durmukha,Karna,Durmarsana,Asvatthaman",Bhurisravas
Susarman,,,,"Duryodhana,Drona,Bhisma,Krtavarman,Vivimsati,Durmukha,Karna,Durmarsana,Asvatthaman",Arjuna
Jayadratha,,,,"Duryodhana,Drona,Bhisma,Krtavarman,Vivimsati,Durmukha,Karna,Durmarsana,Asvatthaman",Bhima
Dhrtarastra,,,,Samjaya,
Samjaya,,,,,
Duryodhana,,,,"Drona,Krtavarman,Vivimsati,Durmukha,Karna,Durmarsana,Asvatthaman,Duhsasana,Krpa,Salya,Vikarna,Bhagadatta,Jayadratha,Susarman,Sakuni,Vinda,Anuvinda,Alambusa,Bhurisravas,Vrsasena,Somadatta,Citrasena,Alayudha","Yudhistra,Abhimanyu,Arjuna,Satyaki,Bhima,Dhrstadyumna"
Drona,,,,"Krtavarman,Vivimsati,Durmukha,Karna,Durmarsana,Asvatthaman,Duhsasana,Krpa,Salya,Vikarna,Bhagadatta,Jayadratha,Susarman,Sakuni,Vinda,Anuvinda,Alambusa,Bhurisravas,Vrsasena,Somadatta,Citrasena,Alayudha","Dhrstadyumna,Yudhistra,Bhima,Abhimanyu,Nakula,Sahadeva,Ghatotkaca,Sikhandin,Virata,Arjuna,Satyaki,Dhrstaketu,Sibi,Drupada"
Krtavarman,,,,"Vivimsati,Durmukha,Karna,Durmarsana,Asvatthaman,Duhsasana,Krpa,Salya,Vikarna,Bhagadatta,Jayadratha,Susarman,Sakuni,Vinda,Anuvinda,Alambusa,Bhurisravas,Vrsasena,Somadatta,Citrasena,Alayudha","Abhimanyu,Arjuna,Yudhistra,Satyaki,Bhima,Sikhandin,Dhrstadyumna,Nakula,Sahadeva"
Vivimsati,,,,"Durmukha,Karna,Durmarsana,Asvatthaman,Duhsasana,Krpa,Salya,Vikarna,Bhagadatta,Jayadratha,Susarman,Sakuni,Vinda,Anuvinda,Alambusa,Bhurisravas,Vrsasena,Somadatta,Citrasena,Alayudha",
Durmukha,,,,"Karna,Durmarsana,Asvatthaman,Duhsasana,Krpa,Salya,Vikarna,Bhagadatta,Jayadratha,Susarman,Sakuni,Vinda,Anuvinda,Alambusa,Bhurisravas,Vrsasena,Somadatta,Citrasena,Alayudha","Dhrstadyumna,Bhima"
Karna,,,,"Durmarsana,Asvatthaman,Duhsasana,Krpa,Salya,Vikarna,Bhagadatta,Jayadratha,Susarman,Sakuni,Vinda,Anuvinda,Alambusa,Bhurisravas,Vrsasena,Somadatta,Citrasena,Alayudha","Arjuna,Bhima,Dhrstadyumna,Satyaki,Abhimanyu,Sahadeva,Ghatotkaca,Sikhandin"
Durmarsana,,,,"Asvatthaman,Duhsasana,Krpa,Salya,Vikarna,Bhagadatta,Jayadratha,Susarman,Sakuni,Vinda,Anuvinda,Alambusa,Bhurisravas,Vrsasena,Somadatta,Citrasena,Alayudha",
Asvatthaman,,,,"Duhsasana,Krpa,Salya,Vikarna,Bhagadatta,Jayadratha,Susarman,Sakuni,Vinda,Anuvinda,Alambusa,Bhurisravas,Vrsasena,Somadatta,Citrasena,Alayudha,Vyasa","Nila,Abhimanyu,Arjuna,Ghatotkaca,Anjanaparvan,Dhrstadyumna,Satyaki,Bhima"
Duhsasana,,,,"Krpa,Salya,Vikarna,Bhagadatta,Jayadratha,Susarman,Sakuni,Vinda,Anuvinda,Alambusa,Bhurisravas,Vrsasena,Somadatta,Citrasena,Alayudha","Abhimanyu,Arjuna,Satyaki,Nakula,Sahadeva,Dhrstadyumna"
Krpa,,,,"Salya,Vikarna,Bhagadatta,Jayadratha,Susarman,Sakuni,Vinda,Anuvinda,Alambusa,Bhurisravas,Vrsasena,Somadatta,Citrasena,Alayudha","Abhimanyu,Arjuna,Sikhandin,Dhrstadyumna"
Salya,,,,"Vikarna,Bhagadatta,Jayadratha,Susarman,Sakuni,Vinda,Anuvinda,Alambusa,Bhurisravas,Vrsasena,Somadatta,Citrasena,Alayudha","Abhimanyu,Bhima,Arjuna,Virata,Dhrstadyumna"
Vikarna,,,,"Bhagadatta,Jayadratha,Susarman,Sakuni,Vinda,Anuvinda,Alambusa,Bhurisravas,Vrsasena,Somadatta,Citrasena,Alayudha",
Bhagadatta,,,,"Jayadratha,Susarman,Sakuni,Vinda,Anuvinda,Alambusa,Bhurisravas,Vrsasena,Somadatta,Citrasena,Alayudha","Bhima,Yudhistra,Arjuna,Dhrstadyumna,Nakula,Sahadeva,Ghatotkaca,Sikhandin,Virata"
Jayadratha,,,,"Susarman,Sakuni,Vinda,Anuvinda,Alambusa,Bhurisravas,Vrsasena,Somadatta,Citrasena,Alayudha","Abhimanyu,Bhima,Yudhistra,Arjuna"
Susarman,,,,"Sakuni,Vinda,Anuvinda,Alambusa,Bhurisravas,Vrsasena,Somadatta,Citrasena,Alayudha",Arjuna
Sakuni,,,,"Vinda,Anuvinda,Alambusa,Bhurisravas,Vrsasena,Somadatta,Citrasena,Alayudha","Arjuna,Abhimanyu,Nakula,Sahadeva,Bhima,Dhrstadyumna"
Vinda,,,,"Anuvinda,Alambusa,Bhurisravas,Vrsasena,Somadatta,Citrasena,Alayudha",Arjuna
Anuvinda,,,,"Alambusa,Bhurisravas,Vrsasena,Somadatta,Citrasena,Alayudha",Arjuna
Alambusa,,,,"Bhurisravas,Vrsasena,Somadatta,Citrasena,Alayudha","Bhima,Ghatotkaca,Satyaki,Arjuna"
Bhurisravas,,,,"Vrsasena,Somadatta,Citrasena,Alayudha","Satyaki,Arjuna"
Vrsasena,,Karna's Son,Human,"Somadatta,Citrasena,Alayudha","Bhima,Drupada,Satyaki"
Somadatta,,,,"Citrasena,Alayudha","Satyaki,Bhima"
Citrasena,,,,Alayudha,Satanika
Alayudha,,A Demon,Demon,,"Ghatotkaca,Bhima,Nakula,Sahadeva,Satyaki"
Krsna,,,,"Yudhistra,Arjuna,Bhima,Nakula,Sahadeva",
Yudhistra,,,,"Arjuna,Bhima,Nakula,Sahadeva,Sikhandin,Yuyutsu,Abhimanyu,Dhrstadyumna,Satyaki,Ghatotkaca,Virata,Drupada,Nila,Dhrstaketu,Sibi,Anjanaparvan,Satanika,Vyasa",
Arjuna,,,,"Bhima,Nakula,Sahadeva,Sikhandin,Yuyutsu,Abhimanyu,Dhrstadyumna,Satyaki,Ghatotkaca,Virata,Drupada,Nila,Dhrstaketu,Sibi,Anjanaparvan,Satanika,Vyasa",
Bhima,,,,"Nakula,Sahadeva,Sikhandin,Yuyutsu,Abhimanyu,Dhrstadyumna,Satyaki,Ghatotkaca,Virata,Drupada,Nila,Dhrstaketu,Sibi,Anjanaparvan,Satanika",
Nakula,,,,"Sahadeva,Sikhandin,Yuyutsu,Abhimanyu,Dhrstadyumna,Satyaki,Ghatotkaca,Virata,Drupada,Nila,Dhrstaketu,Sibi,Anjanaparvan,Satanika",
Sahadeva,,,,"Sikhandin,Yuyutsu,Abhimanyu,Dhrstadyumna,Satyaki,Ghatotkaca,Virata,Drupada,Nila,Dhrstaketu,Sibi,Anjanaparvan,Satanika",
Sikhandin,,,,"Yuyutsu,Abhimanyu,Dhrstadyumna,Satyaki,Ghatotkaca,Virata,Drupada,Nila,Dhrstaketu,Sibi,Anjanaparvan,Satanika",
Yuyutsu,,,,"Abhimanyu,Dhrstadyumna,Satyaki,Ghatotkaca,Virata,Drupada,Nila,Dhrstaketu,Sibi,Anjanaparvan,Satanika",
Abhimanyu,,,,"Dhrstadyumna,Satyaki,Ghatotkaca,Virata,Drupada,Nila,Dhrstaketu,Sibi,Anjanaparvan,Satanika",
Dhrstadyumna,,,,"Satyaki,Ghatotkaca,Virata,Drupada,Nila,Dhrstaketu,Sibi,Anjanaparvan,Satanika",
Satyaki,,,,"Ghatotkaca,Virata,Drupada,Nila,Dhrstaketu,Sibi,Anjanaparvan,Satanika",
Ghatotkaca,,,,"Virata,Drupada,Nila,Dhrstaketu,Sibi,Anjanaparvan,Satanika",
Virata,,,,"Drupada,Nila,Dhrstaketu,Sibi,Anjanaparvan,Satanika",
Drupada,,,,"Nila,Dhrstaketu,Sibi,Anjanaparvan,Satanika",
Nila,,,,"Dhrstaketu,Sibi,Anjanaparvan,Satanika",
Dhrstaketu,,,,"Sibi,Anjanaparvan,Satanika",
Sibi,,,,"Anjanaparvan,Satanika",
Sumitra,,Abhimanyu's Charioteer,Human,Abhimanyu,
Subhadra,,,,"Draupadi,Uttara,Krsna",
Draupadi,,,,"Uttara,Krsna",
Uttara,,,,Krsna,
Daruka,,,,Krsna,
Anjanaparvan,,Ghatotkakas Son,Demon,Satanika,
Satanika,,,,,
Vyasa,,,,,
Samjaya,,,,Dhrtarastra,
Dhrtarastra,,,,,
Duryodhana,,,,"Asvatthaman,Karna,Ksemadhurti,Citra,Dandadhara,Danda,Duhsasana,Uluka,Srutakarman,Sakuni,Krpa,Krtavarman,Salya,Susarman","Yudhistra,Arjuna,Nakula,Sahadeva,Dhrstadyumna,Bhima,Satyaki"
Asvatthaman,,,,"Karna,Ksemadhurti,Citra,Dandadhara,Danda,Duhsasana,Uluka,Srutakarman,Sakuni,Krpa,Krtavarman,Salya,Susarman","Bhima,Arjuna,Yudhistra,Satyaki,Dhrstadyumna"
Karna,,,,"Ksemadhurti,Citra,Dandadhara,Danda,Duhsasana,Uluka,Srutakarman,Sakuni,Krpa,Krtavarman,Salya,Susarman","Nakula,Sahadeva,Satyaki,Yudhistra,Arjuna,Dhrstadyumna,Bhima,Sikhandin,Sutasoma,Ugradhanvan"
Ksemadhurti,,A King,Human,"Citra,Dandadhara,Danda,Duhsasana,Uluka,Srutakarman,Sakuni,Krpa,Krtavarman,Salya,Susarman",Bhima
Citra,,Citrasena's Brother,Human,"Dandadhara,Danda,Duhsasana,Uluka,Srutakarman,Sakuni,Krpa,Krtavarman,Salya,Susarman","Srutakarman,Prativindhya"
Dandadhara,,A King,Human,"Danda,Duhsasana,Uluka,Srutakarman,Sakuni,Krpa,Krtavarman,Salya,Susarman",Arjuna
Danda,,Dandadhara's Brother,Human,"Duhsasana,Uluka,Srutakarman,Sakuni,Krpa,Krtavarman,Salya,Susarman",Arjuna
Duhsasana,,,,"Uluka,Srutakarman,Sakuni,Krpa,Krtavarman,Salya,Susarman","Sahadeva,Arjuna,Dhrstadyumna,Bhima"
Uluka,,,,"Srutakarman,Sakuni,Krpa,Krtavarman,Salya,Susarman","Yuyutsu,Sahadeva"
Srutakarman,,,,"Sakuni,Krpa,Krtavarman,Salya,Susarman","Satanika,Satyaki"
Sakuni,,,,"Krpa,Krtavarman,Salya,Susarman","Sutasoma,Bhima"
Krpa,,,,"Krtavarman,Salya,Susarman","Dhrstadyumna,Arjuna,Sikhandin,Satyaki"
Krtavarman,,,,"Salya,Susarman","Sikhandin,Bhima,Arjuna,Dhrstadyumna,Satyaki"
Salya,,,,Susarman,Arjuna
Krsna,,,,"Yudhistra,Bhima,Arjuna,Nakula,Sahadeva",
Yudhistra,,,,"Bhima,Arjuna,Nakula,Sahadeva,Satyaki,Srutakarman,Prativindhya,Dhrstadyumna,Yuyutsu,Satanika,Sutasoma,Sikhandin,Ugradhanvan",
Bhima,,,,"Arjuna,Nakula,Sahadeva,Satyaki,Srutakarman,Prativindhya,Dhrstadyumna,Yuyutsu,Satanika,Sutasoma,Sikhandin,Ugradhanvan",
Arjuna,,,,"Nakula,Sahadeva,Satyaki,Srutakarman,Prativindhya,Dhrstadyumna,Yuyutsu,Satanika,Sutasoma,Sikhandin,Ugradhanvan",
Nakula,,,,"Sahadeva,Satyaki,Srutakarman,Prativindhya,Dhrstadyumna,Yuyutsu,Satanika,Sutasoma,Sikhandin,Ugradhanvan",
Sahadeva,,,,"Satyaki,Srutakarman,Prativindhya,Dhrstadyumna,Yuyutsu,Satanika,Sutasoma,Sikhandin,Ugradhanvan",
Satyaki,,,,"Srutakarman,Prativindhya,Dhrstadyumna,Yuyutsu,Satanika,Sutasoma,Sikhandin,Ugradhanvan",
Srutakarman,,,,"Prativindhya,Dhrstadyumna,Yuyutsu,Satanika,Sutasoma,Sikhandin,Ugradhanvan",
Prativindhya,,,,"Dhrstadyumna,Yuyutsu,Satanika,Sutasoma,Sikhandin,Ugradhanvan",
Dhrstadyumna,,,,"Yuyutsu,Satanika,Sutasoma,Sikhandin,Ugradhanvan",
Yuyutsu,,,,"Satanika,Sutasoma,Sikhandin,Ugradhanvan",
Satanika,,,,"Sutasoma,Sikhandin,Ugradhanvan",
Sutasoma,,,,"Sikhandin,Ugradhanvan",
Sikhandin,,,,Ugradhanvan,
Tarakaksa,,A Demon,Demon,"Kamalaska,Vidyunmalin,Brahma,Hari",
Kamalaska,,A Demon,Demon,"Vidyunmalin,Brahma,Hari",
Vidyunmalin,,A Demon,Demon,"Brahma,Hari",
Brahma,,,,Shiva,
Hari,,Tarakaksa's Son,Demon,,
Shiva,,,,,"Bhima,Nakula,Satyaki"
Susena,,Karna's Son,Human,"Karna,Satyasena,Vrsasena","Bhima,Nakula,Satyaki"
Satyasena,,Karna's Son,Human,"Karna,Vrsasena","Bhima,Nakula,Satyaki,Arjuna"
Vrsasena,,,,Karna,
Susarman,,,,,Arjuna
Ugradhanvan,,A King,Human,,
Book 9,,,,,
Samjaya,,,,Dhrtarastra,
Dhrtarastra,,,,Krsna,
Duryodhana,,,,"Krpa,Asvatthaman,Salya,Citrasena,Krtavarman,Sakuni,Salva,Srutarvan,Uluka,Samjaya,Balarama,Krsna","Nakula,Sahadeva,Dhrstadyumna,Bhima,Satyaki,Yudhistra,Arjuna"
Krpa,,,,"Asvatthaman,Salya,Citrasena,Krtavarman,Sakuni,Salva,Srutarvan,Uluka,Samjaya","Sikhandin,Yudhistra,Dhrstadyumna,Bhima,Sikhandin,Arjuna,Sahadeva"
Asvatthaman,,,,"Salya,Citrasena,Krtavarman,Sakuni,Salva,Srutarvan,Uluka","Arjuna,Yudhistra,Sikhandin,Bhima,Sahadeva"
Salya,,,,"Citrasena,Krtavarman,Sakuni,Salva,Srutarvan,Uluka","Dhrstadyumna,Sikhandin,Yudhistra,Bhima,Satyaki,Arjuna,Sikhandin"
Citrasena,,,,"Krtavarman,Sakuni,Salva,Srutarvan,Uluka",Nakula
Krtavarman,,,,"Sakuni,Salva,Srutarvan,Uluka,Samjaya","Bhima,Yudhistra,Sikhandin,Satyaki,Arjuna,Sahadeva"
Sakuni,,,,"Salva,Srutarvan,Uluka","Sahadeva,Arjuna,Sahadeva"
Salva,,,,"Srutarvan,Uluka","Bhima,Dhrstadyumna,Sikhandin,Satyaki"
Srutarvan,,,,Uluka,Bhima
Uluka,,,,,"Bhima,Arjuna,Sahadeva"
Krsna,,,,"Yudhistra,Bhima,Arjuna,Nakula,Sahadeva,Balarama",
Yudhistra,,,,"Bhima,Arjuna,Nakula,Sahadeva,Dhrstadyumna,Sikhandin,Satyaki,Balarama",
Bhima,,,,"Arjuna,Nakula,Sahadeva,Dhrstadyumna,Sikhandin,Satyaki,Balarama",
Arjuna,,,,"Nakula,Sahadeva,Dhrstadyumna,Sikhandin,Satyaki,Balarama",
Nakula,,,,"Sahadeva,Dhrstadyumna,Sikhandin,Satyaki,Balarama",
Sahadeva,,,,"Dhrstadyumna,Sikhandin,Satyaki,Balarama",
Dhrstadyumna,,,,"Sikhandin,Satyaki",
Sikhandin,,,,Satyaki,
Satyaki,,,,,
Vyasa,,,,Satyaki,
Yuyutsu,,,,Yudhistra,
Balarama,,,,,
Janamejaya,,,,Vaisampayana,
Gandhari,,,,Krsna,
Samjaya,,,,Dhrtarastra,
Dhrtarastra,,,,,
Duryodhana,,,,"Krpa,Krtavarman,Asvatthaman",
Krpa,,,,"Krtavarman,Asvatthaman",
Krtavarman,,,,Asvatthaman,
Asvatthaman,,,,,"Dhrstadyumna,Uttumaujas,Yudhamanyu,Prativindhya,Sutasoma,Satanika,Srutakarman,Sikhandin,Srutasena"
Dhrstadyumna,,,,,
Uttumaujas,,A King,Human,Yudhamanyu,
Yudhamanyu,,A King,Human,,
Prativindhya,,,,,
Sutasoma,,,,,
Satanika,,,,,
Srutakarman,,,,,
Srutasena,,,,,
Duryodhana,,,,,
Janamejaya,,,,Vaisampayana,
Yudhistra,,,,"Bhima,Arjuna,Nakula,Sahadeva,Draupadi,Krsna,Asvatthaman",
Bhima,,,,"Arjuna,Nakula,Sahadeva,Draupadi,Krsna,Asvatthaman",
Arjuna,,,,"Nakula,Sahadeva,Draupadi,Krsna,Asvatthaman",
Nakula,,,,"Sahadeva,Draupadi,Krsna,Asvatthaman",
Sahadeva,,,,"Draupadi,Krsna,Asvatthaman",
Draupadi,,,,Krsna,
Krsna,,,,Asvatthaman,
Vyasa,,,,Asvatthaman,
Janamejaya,,,,Vaisampayana,
Samjaya,,,,"Dhrtarastra,Vidura,Vyasa,Yudhistra",
Dhrtarastra,,,,"Vidura,Vyasa,Gandhari,Krpa,Krtavarman,Asvatthaman",
Vidura,,,,Vyasa,
Vyasa,,,,Gandhari,
Gandhari,,,,"Krpa,Krtavarman,Asvatthaman,Kunti",
Krpa,,,,"Krtavarman,Asvatthaman",
Krtavarman,,,,Asvatthaman,
Asvatthaman,,,,,
Yudhistra,,,,"Bhima,Arjuna,Nakula,Sahadeva,Krsna,Satyaki,Yuyutsu,Draupadi,Dhrtarastra,Gandhari,Kunti",
Bhima,,,,"Arjuna,Nakula,Sahadeva,Krsna,Satyaki,Yuyutsu,Draupadi,Dhrtarastra,Gandhari,Kunti",
Arjuna,,,,"Nakula,Sahadeva,Krsna,Satyaki,Yuyutsu,Draupadi,Dhrtarastra,Gandhari,Kunti",
Nakula,,,,"Sahadeva,Krsna,Satyaki,Yuyutsu,Draupadi,Dhrtarastra,Gandhari,Kunti",
Sahadeva,,,,"Krsna,Satyaki,Yuyutsu,Draupadi,Dhrtarastra,Gandhari,Kunti",
Krsna,,,,"Satyaki,Yuyutsu,Draupadi,Dhrtarastra,Gandhari",
Satyaki,,,,"Yuyutsu,Draupadi",
Yuyutsu,,,,Draupadi,
Draupadi,,,,"Kunti,Gandhari",
Kunti,,,,,
Sudharman,,,,Yudhistra,
Dhaumya,,,,Yudhistra,
Indrasena,,,,Yudhistra,
Yudhistra,,,,"Bhima,Arjuna,Nakula,Sahadeva,Narada,Draupadi,Devasthana,Vyasa,Kunti,Dhrtarastra,Dhaumya,Vidura,Samjaya",Carvaka
Bhima,,,,"Arjuna,Nakula,Sahadeva,Kunti,Draupadi,Devasthana,Narada,Vyasa",
Arjuna,,,,"Nakula,Sahadeva,Kunti,Draupadi,Devasthana,Narada,Vyasa",
Nakula,,,,"Sahadeva,Kunti,Draupadi,Devasthana,Narada,Vyasa",
Sahadeva,,,,"Kunti,Draupadi,Devasthana,Narada,Vyasa",
Narada,,,,"Devasthana,Vyasa",
Kunti,,,,"Draupadi,Devasthana,Vyasa",
Draupadi,,,,"Devasthana,Narada,Vyasa,Dhrtarastra,Dhaumya",
Devasthana,,A Seer,Human,,
Vyasa,,,,Shiva,
Sankha(Brahmin),,A Brahmin,Human,"Likhita,Sudyumna",
Likhita,,A Brahmin,Human,Sudyumna,
Sudyumna,,A King,Human,,
Asman,,A Brahmin,Human,Janaka,
Janaka,,,,Vasistha,
Rama,,,,Karna,
Karna,,,,,
Srnjaya,,A King,Human,Narada,
Krsna,,,,"Yudhistra,Bhima,Arjuna,Nakula,Sahadeva,Draupadi,Kunti",
Parvata,,,,"Narada,Srnjaya",
Suvarnasthivin,,Srnjaya's Son,Human,"Narada,Srnjaya,Parvata",Indra
Indra,,,,,
Carvaka,,A Demon,Demon,,
Dhrtarastra,,,,,
Dhaumya,,,,,
Vidura,,,,,
Samjaya,,,,,
Janamejaya,,,,Vaisampayana,
Bhisma,,,,"Krsna,Satyaki,Yudhistra,Bhima,Arjuna,Nakula,Sahadeva,Narada,Krpa,Yuyutsu,Samjaya",
Satyaki,,,,"Yudhistra,Bhima,Arjuna,Nakula,Sahadeva,Narada,Krpa,Yuyutsu,Samjaya,Krsna",
Krpa,,,,"Bhima,Arjuna,Nakula,Sahadeva,Narada,Yuyutsu,Samjaya,Krsna",
Yuyutsu,,,,"Bhima,Arjuna,Nakula,Sahadeva,Narada,Samjaya,Krsna",
Samjaya,,,,"Bhima,Arjuna,Nakula,Sahadeva,Narada,Krsna",
Brahma,,,,Visnu,
Visnu,,,,,
Virajas,,Created by Visnu,Human,Visnu,
Ananga,,Virajas' Grandson,Human,Virajas,
Atibala,,Ananga's son,Human,Ananga,
Vena,,Atibala's Grandson,Human,Atibala,
Mandhatr,,A King,Human,Visnu,
Vasumanas,,,,Brhaspati,
Brhaspati,,,,,
Pururavas,,,,Kasyapa,
Kasyapa,,,,,
Mucukunda,,A King,Human,Vasistha,Kubera
Kubera,,,,,
Vasistha,,,,Brahma,
Kalakavrksiya,,A Seer,Human,Ksemadarsin,
Ksemadarsin,,A King,Human,,
Indra,,,,"Brhaspati,Kasyapa",
Utathya,,A Seer,Human,Mandhatr,
Vamadeva,,A Seer,Human,Vasumanas,
Ambarisa,,A King,Human,"Indra,Sudeva(General)",
Sudeva(General),,Ambarisa's General,Human,,
Vasuhoma,,A King,Human,Mandhatr,
Kamanda,,A Seer,Human,Angaristha,
Angaristha,,A King,Human,,
Duryodhana,,,,Dhrtarastra,
Prahradha,,A Demon,Demon,Indra,
Sumitra(King),,A King,Human,Rsabha,
Rsabha,,A Seer,Human,"Tanu,Viradyumna,Dharma",
Tanu,,An Ascetic,Human,"Viradyumna,Dharma",
Viradyumna,,A King,Human,Dharma,
Dharma,,,,,
Gautama,,A Seer,Human,Yama,
Yama,,,,,
Brahmadatta,,A King,Human,Pujani,
Pujani,,A Bird,Animal,,
Kaninka,,A King,Human,Satrumtapa,
Satrumtapa,,A King,Human,,
Visvamitra,,,,Indra,
Rajadharman,,A Crane,Animal,Virupaska,Gautama
Virupaska,,A Demon,Demon,,Gautama
Prahrada,,,,"Ajagara,Indra",
Ajagara,,A Seer,Human,,
Bhgru,,,,Bharadvaja,
Bharadvaja,,,,,
Madhu,,,,,Visnu
Pancasikha,,A Seer,Human,Janaka,
Bali,,Prahrada's grandson,Human,"Indra,Prahrada",
Sri,,,,"Indra,Bali",
Namuci,,A Demon,Demon,Indra,
Ugrasena,,A King,Human,Krsna,
Suka,,Vyasa's Son,Human,"Vyasa,Brhaspati,Janaka,Narada",
Avikampa,,A King,Human,"Narada,Vyasa",
Shiva,,,,Brahma,
Death,,A Godess,God,Brahma,
Tuladhara,,A Merchant,Human,Jajali,
Jajali,,A Brahmin,Human,,
Cirakarin,,Gautama's Son,Human,Gautama,
Dyumatsena,,,,Satyavat,
Satyavat,,,,,
Kapila,,An Ascetic,Human,Syumarasmi,
Syumarasmi,,A Seer,Human,,
Satya,,A Brahmin,Human,"Dharma,Savitri",
Vrtra,,,,"Sukra,Sanatkumara",Indra
Sukra,,,,"Sanatkumara,Shiva,Kubera",
Sanatkumara,,A Demon,Demon,,
Agni,,,,Brahma,
Uma,,Shiva's Wife,God,Shiva,
Samanga,,A Seer,Human,Narada,
Galava,,,,Narada,
Aristanemi,,A Seer,Human,Sagara,
Sagara,,A Seer,Human,,
Ghrtaci,,,,Vyasa,
Skanda,,,,Visnu,
Vasu Uparicara (King),,,,Brhaspati,
Ekata,,Brahma's Son,Human,"Dvita,Trita,Vasu Uparicara (King)",
Dvita,,Brahma's Son,Human,"Trita,Vasu Uparicara (King)",
Trita,,Brahma's Son,Human,Vasu Uparicara (King),
Garuda,,,,Vasu Uparicara (King),
Yudhistra,,,,"Bhima,Arjuna,Nakula,Sahadeva,Narada,Bhisma",
Bhima,,,,"Arjuna,Nakula,Sahadeva,Narada",
Arjuna,,,,"Nakula,Sahadeva,Narada",
Nakula,,,,"Sahadeva,Narada",
Sahadeva,,,,Narada,
Narada,,,,"Bhisma,Krsna",
Bhisma,,,,Krsna,
Gautami,,A Brahmin woman,Human,Death,
Death,,,,,
Sudarsana,,Agni's Son,Human,"Agni,Oghavati,Dharma",
Agni,,,,,
Oghavati,,Sudarsana's Wife,Human,Dharma,
Dharma,,,,,
Vasistha,,,,Brahma,
Brahma,,,,,
Rukmini,,,,Sri,
Sri,,,,,
Bhangasvana,,A Queen,Human,Indra,
Indra,,,,Brahma,
Krsna,,,,"Jambavati,Shiva",
Jambavati,,Krsna's Wife,Human,,
Upamanyu,,A Seer,Human,"Krsna,Shiva",
Shiva,,,,,
Tandi,,A Seer,Human,Shiva,
Astavakra,,An Ascetic,Human,"Vadanya,Kubera,Disa",
Vadanya,,A King,Human,,
Kubera,,,,,
Disa,,An Ascetic,Human,,
Vyasa,,,,Bhisma,
Angiras,,,,"Gautama,Bhisma",
Gautama,,,,Indra,
Matanga,,A Brahmin,Human,Indra,
Sambara,,A Demon,Demon,Indra,
Pancacuda,,An Apsares,Apsaras,Narada,
Devasarman,,A Seer,Human,"Ruci,Vipula",
Ruci,,Devasraman's Wife,Human,"Vipula,Indra",
Vipula,,Devasraman's Pupilm,Human,Indra,
Nahusa,,,,"Cyavana,Gavijata",
Cyavana,,,,,
Gavijata,,A Seer,Human,,
Kusika,,A King,Human,Cyavana,
Brhaspati,,,,Indra,
Devaki,,Mother of Krsna,Human,"Krsna,Narada",
Nrga,,A Lizard King,Animal,Krsna,
Uddalaki,,A Seer,Human,Naciketa,
Naciketa,,Uddalaki's Son,Human,Yama,
Yama,,,,,
Daksa,,A Godess,God,Surabhi,
Surabhi,,,,,
Saudasa,,A King,Human,Vasistha,
Samtanu,,,,Bhisma,
Rama,,,,Vasistha,
Uma,,,,"Shiva,Ganga",
Ganga,,,,"Agni,Krsna",
Taraka,,A Demon,Demon,,Skanda
Skanda,,,,,
Nimi,,A Seer,Human,"Srimat,Agni,Brahma,Soma",
Srimat,,Nimi's Son,Human,"Agni,Brahma,Soma",
Soma,,,,,
Jamadagni,,,,"Renuka,Surya",
Renuka,,,,Surya,
Surya,,,,,
Lady Earth,,,,Krsna,
Manu,,,,Suvarna,
Suvarna,,A Seer,Human,,
Bhgru,,,,Agastya,
Agastya,,,,Nahusa,
Bhagiratha,,A Seer,Human,Brahma,
Maitreya,,,,Vyasa,
Sumana,,,Human,Sandili,
Sandili,,,,,
Pradyumna,,,,"Krsna,Durvasas,Rukmini",
Durvasas,,,,Rukmini,
Yudhistra,,,,"Bhima,Arjuna,Nakula,Sahadeva,Narada,Krsna,Vyasa,Babhruvahana,Ulupi,Citran",
Bhima,,,,"Arjuna,Nakula,Sahadeva,Narada,Krsna,Babhruvahana,Ulupi,Citran",
Arjuna,,,,"Nakula,Sahadeva,Narada,Krsna",
Nakula,,,,"Sahadeva,Narada,Krsna,Babhruvahana,Ulupi,Citran",
Sahadeva,,,,"Narada,Krsna,Babhruvahana,Ulupi,Citran",
Narada,,,,,
Dhrtarastra,,,,"Yudhistra,Arjuna,Krsna,Bhima,Nakula,Sahadeva",
Krsna,,,,,
Vyasa,,,,,
Marutta,,A King,Human,"Aviksit,Brhaspati,Narada,Samvarta,Agni,Indra",
Aviksit,,Marutta's Father,Human,,
Brhaspati,,,,Indra,
Indra,,,,,
Samvarta,,A Seer,Human,"Brhaspati,Indra",
Agni,,,,Indra,
Vrtra,,,,,Indra
Janaka,,,,Dharma,
Dharma,,,,,
Gandhari,,,,"Arjuna,Krsna,Yudhistra,Bhima,Nakula,Sahadeva",
Kunti,,,,"Arjuna,Krsna,Yudhistra,Bhima,Nakula,Sahadeva,Babhruvahana,Ulupi,Citran,Vyasa",
Subhadra,,,,"Krsna,Satyaki,Babhruvahana,Ulupi,Citran",
Satyaki,,,,Krsna,
Uttanka,,,,"Krsna,Gautama,Indra,Agni,Saudasa",
Janamejaya,,,,Vaisampayana,
Gautama,,,,,
Ahalya,,Gautama's Wife,Human,"Gautama,Uttanka",
Saudasa,,,,,
Vasudeva,,,,"Krsna,Subhadra",
Uttara,,,,"Vyasa,Krsna",
Dhaumya,,,,Yudhistra,
Vidura,,,,"Krsna,Yudhistra,Arjuna,Bhima,Nakula,Sahadeva",
Yuyutsu,,,,"Yudhistra,Arjuna,Bhima,Nakula,Sahadeva",
Suryavarman,,A King,Human,"Ketuvarman,Dhrtavarman",Arjuna
Ketuvarman,,Suryavarman's Brother,Human,Dhrtavarman,Arjuna
Dhrtavarman,,A Warrior,Human,,Arjuna
Vajradatta,,A King,Human,,Arjuna
Duhsala,,,,Arjuna,
Babhruvahana,,,,"Arjuna,Citran",
Ulupi,,,,"Babhruvahana,Arjuna,Citran",
Citran,,,,,
Meghasamdhi,,A King,Human,,Arjuna
Sarabha,,A King,Human,Arjuna,
Ugrasena,,,,"Arjuna,Vasudeva",
Balarama,,,,"Yudhistra,Krsna",
Pradyumna,,,,"Yudhistra,Krsna",
Krtavarman,,,,"Yudhistra,Krsna",
Samba,,,,"Yudhistra,Krsna",
Draupadi,,,,"Yudhistra,Arjuna,Bhima,Nakula,Sahadeva,Krsna,Babhruvahana,Ulupi,Citran",
Tumburu,,Vyasa's Disciple,Human,"Vyasa,Yudhistra",
Visvavasu,,,,Yudhistra,
Citrasena,,,,Yudhistra,
Yudhistra,,,,"Bhima,Arjuna,Nakula,Sahadeva,Dhrtarastra,Gandhari,Vidura,Samjaya,Krpa,Vyasa,Yuyutsu,Kunti,Draupadi,Dhaumya,Subhadra,Uttara,Citrangada,Bhisma,Drona,Virata,Drupada,Abhimanyu,Ghatotkaca,Duryodhana,Karna,Sakuni,Duhsasana,Bhagadatta,Sala,Salya,Alayudha",
Bhima,,,,"Arjuna,Nakula,Sahadeva,Dhrtarastra,Gandhari,Vidura,Samjaya,Krpa,Vyasa,Yuyutsu,Kunti,Draupadi,Dhaumya,Subhadra,Uttara,Citrangada,Bhisma,Drona,Virata,Drupada,Abhimanyu,Ghatotkaca,Duryodhana,Karna,Sakuni,Duhsasana,Bhagadatta,Sala,Salya,Alayudha",
Arjuna,,,,"Nakula,Sahadeva,Dhrtarastra,Gandhari,Vidura,Samjaya,Krpa,Vyasa,Yuyutsu,Kunti,Draupadi,Dhaumya,Subhadra,Uttara,Citrangada,Bhisma,Drona,Virata,Drupada,Abhimanyu,Ghatotkaca,Duryodhana,Karna,Sakuni,Duhsasana,Bhagadatta,Sala,Salya,Alayudha",
Nakula,,,,"Sahadeva,Dhrtarastra,Gandhari,Vidura,Samjaya,Krpa,Vyasa,Yuyutsu,Kunti,Draupadi,Dhaumya,Subhadra,Uttara,Citrangada,Bhisma,Drona,Virata,Drupada,Abhimanyu,Ghatotkaca,Duryodhana,Karna,Sakuni,Duhsasana,Bhagadatta,Sala,Salya,Alayudha",
Sahadeva,,,,"Dhrtarastra,Gandhari,Vidura,Samjaya,Krpa,Vyasa,Yuyutsu,Kunti,Draupadi,Dhaumya,Subhadra,Uttara,Citrangada,Bhisma,Drona,Virata,Drupada,Abhimanyu,Ghatotkaca,Duryodhana,Karna,Sakuni,Duhsasana,Bhagadatta,Sala,Salya,Alayudha",
Dhrtarastra,,,,"Gandhari,Vidura,Samjaya,Krpa,Vyasa,Yuyutsu,Kunti,Draupadi,Dhaumya,Subhadra,Uttara,Citrangada,Bhisma,Drona,Virata,Drupada,Abhimanyu,Ghatotkaca,Duryodhana,Karna,Sakuni,Duhsasana,Bhagadatta,Sala,Salya,Alayudha",
Gandhari,,,,"Vidura,Samjaya,Krpa,Vyasa,Yuyutsu,Kunti,Draupadi,Dhaumya,Subhadra,Uttara,Citrangada,Bhisma,Drona,Virata,Drupada,Abhimanyu,Ghatotkaca,Duryodhana,Karna,Sakuni,Duhsasana,Bhagadatta,Sala,Salya,Alayudha",
Vidura,,,,"Samjaya,Krpa,Vyasa,Yuyutsu,Kunti,Draupadi,Dhaumya,Subhadra,Uttara,Citrangada,Bhisma,Drona,Virata,Drupada,Abhimanyu,Ghatotkaca,Duryodhana,Karna,Sakuni,Duhsasana,Bhagadatta,Sala,Salya,Alayudha",
Samjaya,,,,"Krpa,Vyasa,Yuyutsu,Kunti,Draupadi,Dhaumya,Subhadra,Uttara,Citrangada,Bhisma,Drona,Virata,Drupada,Abhimanyu,Ghatotkaca,Duryodhana,Karna,Sakuni,Duhsasana,Bhagadatta,Sala,Salya,Alayudha",
Krpa,,,,"Vyasa,Yuyutsu,Kunti,Draupadi,Dhaumya,Subhadra,Uttara,Citrangada,Bhisma,Drona,Virata,Drupada,Abhimanyu,Ghatotkaca,Duryodhana,Karna,Sakuni,Duhsasana,Bhagadatta,Sala,Salya,Alayudha",
Vyasa,,,,"Yuyutsu,Kunti,Draupadi,Dhaumya,Subhadra,Uttara,Citrangada,Bhisma,Drona,Virata,Drupada,Abhimanyu,Ghatotkaca,Duryodhana,Karna,Sakuni,Duhsasana,Bhagadatta,Sala,Salya,Alayudha",
Yuyutsu,,,,"Kunti,Draupadi,Dhaumya,Subhadra,Uttara,Citrangada,Bhisma,Drona,Virata,Drupada,Abhimanyu,Ghatotkaca,Duryodhana,Karna,Sakuni,Duhsasana,Bhagadatta,Sala,Salya,Alayudha",
Kunti,,,,"Draupadi,Dhaumya,Subhadra,Uttara,Citrangada,Bhisma,Drona,Virata,Drupada,Abhimanyu,Ghatotkaca,Duryodhana,Karna,Sakuni,Duhsasana,Bhagadatta,Sala,Salya,Alayudha",
Draupadi,,,,"Dhaumya,Subhadra,Uttara,Citrangada,Bhisma,Drona,Virata,Drupada,Abhimanyu,Ghatotkaca,Duryodhana,Karna,Sakuni,Duhsasana,Bhagadatta,Sala,Salya,Alayudha",
Dhaumya,,,,"Subhadra,Uttara,Citrangada,Bhisma,Drona,Virata,Drupada,Abhimanyu,Ghatotkaca,Duryodhana,Karna,Sakuni,Duhsasana,Bhagadatta,Sala,Salya,Alayudha",
Subhadra,,,,"Uttara,Citrangada,Bhisma,Drona,Virata,Drupada,Abhimanyu,Ghatotkaca,Duryodhana,Karna,Sakuni,Duhsasana,Bhagadatta,Sala,Salya,Alayudha",
Uttara,,,,"Citrangada,Bhisma,Drona,Virata,Drupada,Abhimanyu,Ghatotkaca,Duryodhana,Karna,Sakuni,Duhsasana,Bhagadatta,Sala,Salya,Alayudha",
Citrangada,,,,"Bhisma,Drona,Virata,Drupada,Abhimanyu,Ghatotkaca,Duryodhana,Karna,Sakuni,Duhsasana,Bhagadatta,Sala,Salya,Alayudha",
Satayupa,,An Ascetic,Human,"Dhrtarastra,Gandhari,Kunti",
Narada,,,,Dhrtarastra,
Pariksit,,Uttara's Son,Human,"Uttara,Yudhistra,Arjuna,Bhima,Nakula,Sahadeva",
Bhisma,,,,"Drona,Virata,Drupada,Abhimanyu,Ghatotkaca,Duryodhana,Karna,Sakuni,Duhsasana,Bhagadatta,Sala,Salya,Alayudha",
Drona,,,,"Virata,Drupada,Abhimanyu,Ghatotkaca,Duryodhana,Karna,Sakuni,Duhsasana,Bhagadatta,Sala,Salya,Alayudha",
Virata,,,,"Drupada,Abhimanyu,Ghatotkaca,Duryodhana,Karna,Sakuni,Duhsasana,Bhagadatta,Sala,Salya,Alayudha",
Drupada,,,,"Abhimanyu,Ghatotkaca,Duryodhana,Karna,Sakuni,Duhsasana,Bhagadatta,Sala,Salya,Alayudha",
Abhimanyu,,,,"Ghatotkaca,Duryodhana,Karna,Sakuni,Duhsasana,Bhagadatta,Sala,Salya,Alayudha",
Ghatotkaca,,,,"Duryodhana,Karna,Sakuni,Duhsasana,Bhagadatta,Sala,Salya,Alayudha",
Duryodhana,,,,"Karna,Sakuni,Duhsasana,Bhagadatta,Sala,Salya,Alayudha",
Karna,,,,"Sakuni,Duhsasana,Bhagadatta,Sala,Salya,Alayudha",
Sakuni,,,,"Duhsasana,Bhagadatta,Sala,Salya,Alayudha",
Duhsasana,,,,"Bhagadatta,Sala,Salya,Alayudha",
Bhagadatta,,,,"Sala,Salya,Alayudha",
Sala,,,,"Salya,Alayudha",
Salya,,,,Alayudha,
Alayudha,,,,,
Janamejaya,,,,"Vaisampayana,Pariksit",
Vaisampayana,,,,,
Astika,,,,Janamejaya,
Janamejaya,,,,Vaisampayana,
Visvamitra,,,,"Kanva,Narada,Sarana,Samba",
Kanva,,,,"Narada,Sarana,Samba",
Narada,,,,"Sarana,Samba",
Sarana,,,,Samba,
Samba,,,,,
Krsna,,,,"Balarama,Uddhava,Krtavarman,Satyaki,Gada,Babhru,Pradyumna,Daruka",
Balarama,,,,"Uddhava,Krtavarman,Satyaki,Gada,Babhru,Pradyumna",
Uddhava,,Krsna's Friend,Human,,
Krtavarman,,,,,
Satyaki,,,,,Krtavarman
Gada,,,,"Krtavarman,Satyaki",
Babhru,,,,"Krtavarman,Satyaki,Gada",
Pradyumna,,,,"Krtavarman,Satyaki,Gada,Babhru",
Daruka,,,,,
Vasudeva,,,,Krsna,
Varuna,,,,Balarama,
Jara,,A Hunter,Human,Krsna,
Indra,,,,Krsna,
The Asvins,,,,Krsna,
Yudhistra,,,,"Arjuna,Bhima,Nakula,Sahadeva,Daruka",
Arjuna,,,,"Bhima,Nakula,Sahadeva,Daruka,Vasudeva",
Bhima,,,,"Nakula,Sahadeva,Daruka",
Nakula,,,,"Sahadeva,Daruka",
Sahadeva,,,,Daruka,
Vajra,,Krsna's Grandson,Human,Arjuna,
Devaki,,,,"Bhadra,Rohini,Madira,Balarama,Krsna,Vasudeva",
Bhadra,,,Human,"Rohini,Madira,Balarama,Krsna,Vasudeva",
Rohini,,Mother of Balarama,Human,"Madira,Balarama,Krsna,Vasudeva",
Madira,,,Human,"Balarama,Krsna,Vasudeva",
Vyasa,,,,Arjuna,
Janamejaya,,,,Vaisampayana,
Yudhistra,,,,"Arjuna,Bhima,Nakula,Sahadeva",
Arjuna,,,,"Bhima,Nakula,Sahadeva",
Bhima,,,,"Nakula,Sahadeva",
Nakula,,,,Sahadeva,
Sahadeva,,,,,
Yuyutsu,,,,Yudhistra,
Pariksit,,,,Yudhistra,
Subhadra,,,,Yudhistra,
Draupadi,,,,"Yudhistra,Arjuna,Bhima,Nakula,Sahadeva",
Krpa,,,,"Yuyutsu,Citrangada,Ulupi",
Citrangada,,,,"Yuyutsu,Ulupi",
Ulupi,,,,Yuyutsu,
Agni,,,,"Yudhistra,Arjuna,Bhima,Nakula,Sahadeva",
Indra,,,,Yudhistra,
Dharma,,,,Yudhistra,
The Asvins,,,,Yudhistra,
Janamejaya,,,,Vaisampayana,
Yudhistra,,,,Duryodhana,
Duryodhana,,,,,
Narada,,,,Yudhistra,
Dharma,,,,Yudhistra,
Indra,,,,Yudhistra,
Pandu,,,,"Kunti,Madri",
Kunti,,,,Madri,
Madri,,,,,
Brhaspati,,,,Drona,
Drona,,,,,
Ugrasravas the Suta,,,,Vyasa,
Vyasa,,,,,
Brahma,,,,,
Sanatkumara,,,,Pradyumna,
Pradyumna,,,,,
Dhrtarastra,,,,Kubera,
Kubera,,,,,
Karna,,,,Surya,
Surya,,,,,
Vidura,,,,Dharma,
Sesa,,,,Brahma,
,,,,,
,,,,,
,,,,,
,,,,,
,,,,,
,,,,,
,,,,,
,,,,,
,,,,,
,,,,,
,,,,,
,,,,,
,,,,,
,,,,,
,,,,,
,,,,,
,,,,,
,,,,,
,,,,,
,,,,,
,,,,,
,,,,,
,,,,,
,,,,,
,,,,,
,,,,,
,,,,,
,,,,,
,,,,,
,,,,,
,,,,,
,,,,,
,,,,,
,,,,,
,,,,,
,,,,,
,,,,,
,,,,,
,,,,,
,,,,,
,,,,,
,,,,,
,,,,,
,,,,,
,,,,,
,,,,,
,,,,,
,,,,,
,,,,,
,,,,,
,,,,,
,,,,,
,,,,,
,,,,,
,,,,,
,,,,,
,,,,,
,,,,,
,,,,,
,,,,,
,,,,,
,,,,,
,,,,,
,,,,,
,,,,,
,,,,,
,,,,,
,,,,,
,,,,,
,,,,,
,,,,,
,,,,,
,,,,,
,,,,,
,,,,,
,,,,,
,,,,,
,,,,,
,,,,,
,,,,,
,,,,,
,,,,,
,,,,,
,,,,,
,,,,,
,,,,,
,,,,,
,,,,,
,,,,,
,,,,,
,,,,,
,,,,,
,,,,,
,,,,,
,,,,,
,,,,,
,,,,,
,,,,,
,,,,,
,,,,,
,,,,,
,,,,,
,,,,,
,,,,,
,,,,,
,,,,,
,,,,,
,,,,,
,,,,,
,,,,,
,,,,,
,,,,,
,,,,,
,,,,,
,,,,,
,,,,,
,,,,,
,,,,,
,,,,,
,,,,,
,,,,,
,,,,,
,,,,,
,,,,,
,,,,,
,,,,,
,,,,,
,,,,,
,,,,,
,,,,,
,,,,,
,,,,,
,,,,,
,,,,,
,,,,,
,,,,,
,,,,,
,,,,,
,,,,,
,,,,,
,,,,,
,,,,,
,,,,,
,,,,,
,,,,,
,,,,,
,,,,,
,,,,,
,,,,,
,,,,,
,,,,,
,,,,,
,,,,,
,,,,,
,,,,,
,,,,,
,,,,,
,,,,,
,,,,,
,,,,,
,,,,,
,,,,,
,,,,,
,,,,,
,,,,,
,,,,,
,,,,,
,,,,,
,,,,,
,,,,,
,,,,,
,,,,,
,,,,,
,,,,,
,,,,,
,,,,,
,,,,,
,,,,,
,,,,,
,,,,,
,,,,,
,,,,,
,,,,,
,,,,,
,,,,,
,,,,,
,,,,,
,,,,,
,,,,,
,,,,,
,,,,,
,,,,,
,,,,,
,,,,,
,,,,,
,,,,,
,,,,,
,,,,,
,,,,,
,,,,,
,,,,,
,,,,,
,,,,,
,,,,,
,,,,,
,,,,,
,,,,,
,,,,,
,,,,,
,,,,,
,,,,,
,,,,,
,,,,,
,,,,,
,,,,,
,,,,,
,,,,,
,,,,,
,,,,,
,,,,,
,,,,,
,,,,,
,,,,,
,,,,,
,,,,,
,,,,,
,,,,,
,,,,,
,,,,,
,,,,,
,,,,,
,,,,,
,,,,,
,,,,,
,,,,,
,,,,,
,,,,,
,,,,,
,,,,,
,,,,,
,,,,,
,,,,,
,,,,,
,,,,,
,,,,,
,,,,,
,,,,,
,,,,,
,,,,,
,,,,,
,,,,,
,,,,,
,,,,,
,,,,,
,,,,,
,,,,,
,,,,,
,,,,,
,,,,,
,,,,,
,,,,,
,,,,,
,,,,,
,,,,,
,,,,,
,,,,,
,,,,,
,,,,,
,,,,,
,,,,,
,,,,,
,,,,,
,,,,,
,,,,,
,,,,,
,,,,,
,,,,,
,,,,,
,,,,,
,,,,,
,,,,,
,,,,,
,,,,,
,,,,,
,,,,,
,,,,,
,,,,,
,,,,,
,,,,,
,,,,,
,,,,,
,,,,,
,,,,,
,,,,,
,,,,,
,,,,,
,,,,,
,,,,,
,,,,,
,,,,,
,,,,,
,,,,,
,,,,,
,,,,,
,,,,,
,,,,,
,,,,,
,,,,,
,,,,,
,,,,,
,,,,,
,,,,,
,,,,,
,,,,,
,,,,,
,,,,,
,,,,,
,,,,,
,,,,,
,,,,,
,,,,,
,,,,,
,,,,,
,,,,,
,,,,,
,,,,,
,,,,,
,,,,,
,,,,,
,,,,,
,,,,,
,,,,,
,,,,,
,,,,,
,,,,,
,,,,,
,,,,,
,,,,,
,,,,,
,,,,,
,,,,,
,,,,,
,,,,,
,,,,,
,,,,,
,,,,,
,,,,,
,,,,,
,,,,,
,,,,,
,,,,,
,,,,,
,,,,,
,,,,,
,,,,,
,,,,,
,,,,,
,,,,,
,,,,,
,,,,,
,,,,,
,,,,,
,,,,,
,,,,,
,,,,,
,,,,,
,,,,,
,,,,,
,,,,,
,,,,,
,,,,,
,,,,,
,,,,,
,,,,,
,,,,,
,,,,,
,,,,,
,,,,,
,,,,,
,,,,,
,,,,,
,,,,,
,,,,,
,,,,,
,,,,,
,,,,,
,,,,,
,,,,,
,,,,,
,,,,,
,,,,,
,,,,,
,,,,,
,,,,,
,,,,,
,,,,,
,,,,,
,,,,,
,,,,,
,,,,,
,,,,,
,,,,,
,,,,,
,,,,,
,,,,,
,,,,,
,,,,,
,,,,,
,,,,,
,,,,,
,,,,,
,,,,,
,,,,,
,,,,,
,,,,,
,,,,,
,,,,,
,,,,,
,,,,,
,,,,,
,,,,,
,,,,,
,,,,,
,,,,,
,,,,,
,,,,,
,,,,,
,,,,,
,,,,,
,,,,,
,,,,,
,,,,,
,,,,,
,,,,,
,,,,,
,,,,,
,,,,,
,,,,,
,,,,,
,,,,,
,,,,,
,,,,,
,,,,,
,,,,,
,,,,,
,,,,,
,,,,,
,,,,,
,,,,,
,,,,,
,,,,,
,,,,,
,,,,,
,,,,,
,,,,,
,,,,,
,,,,,
,,,,,
,,,,,
,,,,,
,,,,,
,,,,,
,,,,,
,,,,,
,,,,,
,,,,,
,,,,,
,,,,,
,,,,,
,,,,,
,,,,,
,,,,,
,,,,,
,,,,,
,,,,,
,,,,,
,,,,,
,,,,,
,,,,,
,,,,,
,,,,,
,,,,,
,,,,,
,,,,,
,,,,,
,,,,,
,,,,,
,,,,,
,,,,,
,,,,,
,,,,,
,,,,,
,,,,,
,,,,,
,,,,,
,,,,,
,,,,,
,,,,,
,,,,,
,,,,,
,,,,,
,,,,,
,,,,,
